User_ID,Age,Gender,Location,Income,Interests,Last_Login_Days_Ago,Purchase_Frequency,Average_Order_Value,Total_Spending,Product_Category_Preference,Time_Spent_on_Site_Minutes,Pages_Viewed,Newsletter_Subscription
#1,56,Male,Suburban,66266,Sports,5,7,528.2857143,3698,Books,584,38,TRUE
#2,46,Female,Rural,30581,Technology,15,1,567,567,Electronics,432,40,FALSE
#3,32,Female,Suburban,109943,Sports,28,7,475.2857143,3327,Apparel,306,1,TRUE
#4,60,Female,Suburban,91369,Fashion,18,6,450.5,2703,Apparel,527,29,FALSE
#5,25,Male,Suburban,49255,Travel,2,19,145.1052632,2757,Health & Beauty,53,10,TRUE
#6,38,Male,Suburban,119277,Travel,22,17,125.4117647,2132,Books,520,28,FALSE
#7,56,Male,Urban,68351,Fashion,11,9,187.5555556,1688,Home & Kitchen,330,31,TRUE
#8,36,Male,Urban,46005,Technology,26,2,549,1098,Apparel,558,19,TRUE
#9,40,Male,Rural,22838,Travel,25,20,94,1880,Books,325,3,TRUE
#10,28,Male,Urban,46722,Food,13,18,247.7777778,4460,Electronics,114,36,FALSE
#11,28,Male,Urban,118122,Travel,4,9,11.66666667,105,Health & Beauty,147,43,TRUE
#12,41,Male,Rural,39736,Food,22,9,237,2133,Electronics,166,15,FALSE
#13,53,Female,Rural,36562,Fashion,7,2,223.5,447,Apparel,379,33,TRUE
#14,57,Female,Rural,9659,Fashion,29,10,11.6,116,Apparel,139,41,TRUE
#15,41,Male,Urban,141025,Travel,11,8,469.125,3753,Electronics,299,43,FALSE
#16,20,Male,Urban,71386,Sports,22,11,352.2727273,3875,Apparel,276,45,TRUE
#17,39,Female,Rural,12496,Food,24,18,35.5,639,Books,178,26,FALSE
#18,19,Male,Suburban,70578,Technology,4,3,1102.333333,3307,Apparel,354,16,FALSE
#19,41,Male,Rural,19631,Travel,28,13,95.07692308,1236,Health & Beauty,154,36,FALSE
#20,61,Male,Suburban,98048,Technology,15,3,1456.333333,4369,Books,201,33,FALSE
#21,47,Female,Suburban,73151,Travel,1,5,522.2,2611,Home & Kitchen,115,20,TRUE
#22,55,Female,Rural,609,Sports,23,6,415,2490,Apparel,554,13,TRUE
#23,19,Female,Rural,11626,Sports,3,7,33.57142857,235,Apparel,68,33,FALSE
#24,38,Female,Rural,8122,Sports,14,9,161.1111111,1450,Health & Beauty,445,5,TRUE
#25,50,Female,Urban,99657,Sports,6,8,518.5,4148,Health & Beauty,445,37,TRUE
#26,29,Male,Suburban,68802,Fashion,18,2,861,1722,Electronics,326,14,FALSE
#27,39,Female,Urban,144722,Fashion,25,1,625,625,Electronics,359,27,TRUE
#28,61,Male,Urban,40022,Food,1,17,13.41176471,228,Electronics,145,23,FALSE
#29,42,Male,Rural,7400,Technology,6,3,633.6666667,1901,Health & Beauty,275,14,TRUE
#30,44,Female,Urban,55583,Travel,6,18,196.3888889,3535,Electronics,509,40,TRUE
#31,59,Female,Rural,5928,Travel,21,19,37.68421053,716,Electronics,179,4,FALSE
#32,45,Male,Suburban,53746,Fashion,16,10,308.9,3089,Home & Kitchen,477,39,TRUE
#33,33,Male,Rural,6788,Travel,29,12,157.3333333,1888,Electronics,414,19,TRUE
#34,32,Male,Urban,143718,Fashion,5,7,712,4984,Apparel,153,47,FALSE
#35,64,Female,Urban,3587,Food,17,16,84.125,1346,Health & Beauty,104,4,TRUE
#36,61,Female,Rural,9000,Technology,10,1,497,497,Books,75,30,FALSE
#37,20,Female,Rural,7917,Food,28,18,50.05555556,901,Home & Kitchen,128,19,TRUE
#38,54,Female,Urban,17578,Sports,21,3,1351,4053,Health & Beauty,568,31,FALSE
#39,24,Female,Suburban,75027,Sports,18,3,842.6666667,2528,Health & Beauty,345,31,FALSE
#40,38,Male,Suburban,71140,Sports,7,11,344.7272727,3792,Apparel,531,9,FALSE
#41,26,Female,Rural,17058,Food,3,13,86.69230769,1127,Electronics,159,13,FALSE
#42,56,Male,Suburban,58542,Travel,13,12,182.5,2190,Apparel,538,14,FALSE
#43,35,Male,Urban,144638,Technology,15,2,4184,8368,Electronics,426,46,TRUE
#44,21,Male,Rural,36822,Sports,20,13,17.30769231,225,Electronics,23,10,TRUE
#45,42,Female,Urban,113010,Sports,19,4,889,3556,Health & Beauty,47,48,FALSE
#46,31,Female,Urban,46479,Sports,3,6,684,4104,Electronics,525,31,TRUE
#47,26,Female,Suburban,94334,Technology,4,1,3107,3107,Home & Kitchen,144,37,FALSE
#48,43,Male,Rural,32925,Sports,5,9,240.8888889,2168,Home & Kitchen,585,23,TRUE
#49,19,Male,Rural,8151,Technology,1,3,766.3333333,2299,Home & Kitchen,589,27,TRUE
#50,37,Male,Suburban,44668,Sports,4,10,353.6,3536,Health & Beauty,419,6,FALSE
#51,45,Male,Urban,30458,Food,12,14,35.64285714,499,Apparel,85,26,FALSE
#52,64,Male,Urban,23295,Food,28,5,735.8,3679,Books,416,2,TRUE
#53,24,Male,Urban,82381,Technology,27,1,8122,8122,Electronics,482,45,TRUE
#54,61,Female,Urban,73133,Food,24,2,1015.5,2031,Books,456,13,FALSE
#55,25,Female,Rural,21343,Technology,10,2,567.5,1135,Apparel,297,19,TRUE
#56,64,Female,Rural,2538,Food,23,13,93.69230769,1218,Apparel,112,1,TRUE
#57,52,Female,Suburban,107460,Food,25,13,264.2307692,3435,Health & Beauty,230,40,FALSE
#58,31,Male,Suburban,49630,Technology,21,1,4269,4269,Home & Kitchen,96,32,TRUE
#59,34,Male,Rural,17917,Travel,29,6,209.6666667,1258,Home & Kitchen,378,22,FALSE
#60,53,Female,Rural,30555,Food,26,20,36.2,724,Apparel,156,48,FALSE
#61,57,Male,Urban,144466,Sports,20,7,117.1428571,820,Health & Beauty,421,29,FALSE
#62,21,Female,Urban,3128,Travel,24,3,656.3333333,1969,Health & Beauty,105,2,TRUE
#63,19,Female,Suburban,83717,Technology,25,2,1680.5,3361,Electronics,330,40,TRUE
#64,23,Female,Rural,28598,Travel,13,5,110.6,553,Home & Kitchen,439,38,FALSE
#65,59,Male,Suburban,41220,Fashion,23,9,314.5555556,2831,Apparel,132,48,FALSE
#66,21,Female,Rural,14509,Fashion,14,2,650.5,1301,Books,382,11,TRUE
#67,46,Female,Urban,37624,Food,23,4,640,2560,Home & Kitchen,138,17,TRUE
#68,35,Female,Suburban,55284,Food,5,16,167.1875,2675,Electronics,270,43,TRUE
#69,43,Male,Suburban,92605,Sports,4,13,287.0769231,3732,Health & Beauty,550,8,FALSE
#70,61,Male,Rural,29760,Travel,14,15,83.73333333,1256,Apparel,396,22,FALSE
#71,51,Female,Urban,70130,Fashion,10,8,197.5,1580,Home & Kitchen,557,4,TRUE
#72,27,Male,Suburban,92693,Food,17,7,427.1428571,2990,Books,464,11,TRUE
#73,53,Male,Urban,42278,Travel,10,1,3032,3032,Electronics,450,8,TRUE
#74,31,Male,Suburban,104322,Food,26,9,336.4444444,3028,Electronics,331,9,FALSE
#75,48,Male,Urban,12667,Food,7,7,431.5714286,3021,Home & Kitchen,253,26,FALSE
#76,32,Male,Rural,13738,Fashion,16,8,138.875,1111,Books,285,2,TRUE
#77,25,Male,Suburban,50552,Fashion,1,6,421.8333333,2531,Electronics,274,16,TRUE
#78,31,Male,Suburban,106015,Food,17,10,307.3,3073,Apparel,20,31,FALSE
#79,40,Male,Urban,82572,Technology,21,2,4439,8878,Electronics,239,6,FALSE
#80,57,Male,Urban,129729,Food,29,6,28.16666667,169,Books,270,21,TRUE
#81,38,Male,Suburban,118354,Food,9,7,401.5714286,2811,Health & Beauty,418,26,TRUE
#82,33,Female,Rural,5035,Sports,6,14,70.57142857,988,Health & Beauty,310,19,TRUE
#83,62,Female,Urban,108686,Sports,19,8,250.25,2002,Home & Kitchen,31,28,FALSE
#84,35,Male,Urban,12029,Sports,13,9,154.3333333,1389,Books,104,8,TRUE
#85,64,Female,Urban,31512,Technology,3,3,1188.666667,3566,Electronics,186,14,FALSE
#86,41,Female,Suburban,71137,Technology,7,1,4729,4729,Electronics,128,24,FALSE
#87,43,Male,Suburban,111665,Food,22,6,548.5,3291,Health & Beauty,210,48,TRUE
#88,42,Male,Suburban,114066,Sports,9,11,263.6363636,2900,Health & Beauty,414,44,TRUE
#89,62,Male,Suburban,102497,Technology,22,2,2308,4616,Apparel,281,37,FALSE
#90,58,Female,Rural,2269,Fashion,5,1,1279,1279,Health & Beauty,253,26,TRUE
#91,46,Female,Rural,34584,Food,10,12,110.75,1329,Apparel,19,31,FALSE
#92,32,Male,Suburban,84349,Travel,23,5,588,2940,Electronics,136,32,TRUE
#93,62,Male,Rural,23630,Food,17,17,61,1037,Apparel,223,41,TRUE
#94,18,Male,Urban,80795,Travel,12,11,157.5454545,1733,Apparel,3,2,TRUE
#95,42,Female,Urban,38721,Sports,23,12,106,1272,Home & Kitchen,236,25,TRUE
#96,24,Female,Urban,132872,Travel,16,6,63.16666667,379,Health & Beauty,465,44,FALSE
#97,26,Female,Suburban,116451,Sports,3,6,661.6666667,3970,Apparel,228,2,FALSE
#98,41,Female,Urban,30374,Fashion,25,1,2374,2374,Electronics,499,42,FALSE
#99,18,Male,Rural,30072,Travel,22,7,282.7142857,1979,Books,521,1,TRUE
#100,61,Male,Suburban,71884,Food,9,9,306.8888889,2762,Apparel,139,36,FALSE
#101,25,Male,Rural,27690,Sports,29,7,194.4285714,1361,Health & Beauty,276,12,FALSE
#102,41,Male,Urban,146132,Food,15,2,700,1400,Home & Kitchen,291,9,FALSE
#103,28,Female,Urban,54331,Technology,5,2,3145,6290,Electronics,53,36,TRUE
#104,34,Female,Urban,143267,Sports,23,7,222.7142857,1559,Home & Kitchen,110,41,FALSE
#105,25,Male,Suburban,74796,Travel,13,16,184.25,2948,Books,4,28,TRUE
#106,52,Male,Rural,1812,Sports,14,12,16.66666667,200,Apparel,47,38,TRUE
#107,52,Female,Suburban,75797,Food,20,7,493.4285714,3454,Apparel,94,33,FALSE
#108,50,Male,Suburban,43175,Fashion,15,9,229.3333333,2064,Health & Beauty,560,42,TRUE
#109,22,Female,Urban,85991,Sports,16,10,217,2170,Apparel,213,46,FALSE
#110,59,Male,Suburban,77635,Travel,23,9,281.4444444,2533,Electronics,436,22,FALSE
#111,56,Male,Suburban,119883,Technology,13,1,4616,4616,Books,508,25,FALSE
#112,58,Male,Urban,29642,Fashion,17,9,547.6666667,4929,Home & Kitchen,205,18,FALSE
#113,45,Male,Suburban,52161,Technology,23,2,1683.5,3367,Books,381,6,FALSE
#114,24,Male,Urban,76676,Sports,8,9,307.6666667,2769,Apparel,73,18,TRUE
#115,26,Male,Urban,64641,Food,21,20,198.25,3965,Home & Kitchen,516,16,FALSE
#116,25,Male,Urban,5626,Food,2,11,348.3636364,3832,Health & Beauty,76,15,TRUE
#117,29,Female,Urban,126225,Travel,5,18,45.72222222,823,Books,77,48,FALSE
#118,51,Female,Suburban,52635,Food,6,8,470.125,3761,Home & Kitchen,410,8,FALSE
#119,50,Female,Urban,75898,Fashion,12,1,2403,2403,Home & Kitchen,106,13,FALSE
#120,40,Female,Urban,84260,Food,18,12,168.5,2022,Home & Kitchen,551,43,TRUE
#121,41,Female,Suburban,105349,Travel,22,14,157.5714286,2206,Electronics,476,7,TRUE
#122,54,Male,Suburban,77467,Sports,22,3,1130.333333,3391,Books,275,17,TRUE
#123,52,Male,Rural,378,Sports,1,14,144.9285714,2029,Home & Kitchen,88,32,TRUE
#124,61,Female,Suburban,116102,Food,17,7,534,3738,Books,77,22,FALSE
#125,57,Male,Suburban,93498,Technology,11,1,3161,3161,Home & Kitchen,77,13,FALSE
#126,39,Female,Rural,16204,Sports,10,13,182.1538462,2368,Health & Beauty,442,47,TRUE
#127,44,Female,Suburban,73862,Food,19,17,229.2941176,3898,Health & Beauty,540,23,TRUE
#128,52,Male,Suburban,47800,Travel,14,15,161.9333333,2429,Health & Beauty,245,29,TRUE
#129,18,Male,Suburban,69112,Food,26,6,427.6666667,2566,Apparel,578,22,FALSE
#130,52,Male,Suburban,109482,Sports,10,7,382.4285714,2677,Home & Kitchen,382,1,TRUE
#131,54,Female,Rural,5086,Travel,15,10,174.5,1745,Apparel,570,29,TRUE
#132,64,Male,Suburban,44344,Food,28,11,272.6363636,2999,Books,142,48,FALSE
#133,31,Female,Suburban,64101,Fashion,19,3,566.3333333,1699,Apparel,368,5,TRUE
#134,20,Female,Rural,18300,Travel,4,6,187,1122,Books,84,35,FALSE
#135,18,Female,Urban,5472,Fashion,2,5,16.8,84,Books,143,10,FALSE
#136,22,Male,Rural,12808,Technology,9,2,1163,2326,Books,352,19,FALSE
#137,43,Male,Urban,120492,Travel,10,20,55.9,1118,Apparel,545,37,FALSE
#138,31,Female,Rural,34655,Fashion,28,10,115.1,1151,Home & Kitchen,152,7,FALSE
#139,56,Male,Rural,13799,Sports,11,14,96.71428571,1354,Apparel,158,46,TRUE
#140,44,Male,Suburban,110080,Sports,14,7,505.1428571,3536,Home & Kitchen,446,35,TRUE
#141,26,Male,Urban,60327,Technology,7,2,2454.5,4909,Home & Kitchen,303,45,FALSE
#142,32,Female,Suburban,86638,Travel,23,10,280.8,2808,Books,450,13,FALSE
#143,32,Female,Urban,64868,Travel,15,5,364,1820,Apparel,224,10,TRUE
#144,43,Male,Rural,18687,Travel,22,10,188.5,1885,Home & Kitchen,43,2,TRUE
#145,59,Female,Rural,4113,Technology,19,2,509,1018,Health & Beauty,264,6,FALSE
#146,30,Male,Urban,65398,Travel,22,13,29.46153846,383,Home & Kitchen,3,8,TRUE
#147,49,Male,Suburban,105949,Sports,15,3,1022,3066,Health & Beauty,268,36,TRUE
#148,56,Male,Suburban,86501,Fashion,28,10,279.4,2794,Apparel,596,25,FALSE
#149,49,Male,Suburban,92607,Sports,24,8,314.375,2515,Apparel,16,44,TRUE
#150,21,Female,Suburban,91623,Sports,8,14,194.7142857,2726,Apparel,334,47,TRUE
#151,47,Female,Rural,13701,Fashion,11,1,864,864,Home & Kitchen,464,40,TRUE
#152,54,Female,Rural,37293,Sports,29,3,464,1392,Electronics,59,7,TRUE
#153,40,Male,Rural,8224,Technology,9,2,617,1234,Home & Kitchen,177,46,FALSE
#154,56,Male,Rural,30884,Fashion,15,2,598,1196,Home & Kitchen,63,23,TRUE
#155,62,Male,Rural,31292,Sports,1,5,100.6,503,Books,561,19,FALSE
#156,32,Female,Suburban,81643,Food,1,14,276.2857143,3868,Books,307,46,TRUE
#157,60,Male,Suburban,50228,Sports,19,1,2896,2896,Home & Kitchen,246,22,FALSE
#158,46,Female,Suburban,47763,Technology,3,2,1532,3064,Health & Beauty,289,13,FALSE
#159,53,Female,Suburban,99850,Travel,10,4,670.5,2682,Books,332,21,TRUE
#160,30,Female,Rural,20727,Sports,8,15,135.5333333,2033,Home & Kitchen,527,1,FALSE
#161,49,Female,Rural,9955,Travel,15,7,252.1428571,1765,Electronics,255,19,FALSE
#162,24,Female,Rural,9594,Food,10,18,18.33333333,330,Health & Beauty,510,33,FALSE
#163,39,Female,Urban,103569,Sports,1,5,496.6,2483,Apparel,463,4,FALSE
#164,45,Male,Suburban,43404,Fashion,29,2,1005,2010,Home & Kitchen,199,42,FALSE
#165,19,Male,Suburban,107768,Travel,18,10,273.4,2734,Home & Kitchen,271,3,TRUE
#166,59,Female,Rural,34184,Food,2,2,865.5,1731,Health & Beauty,558,27,FALSE
#167,62,Female,Suburban,92815,Fashion,19,10,160.9,1609,Books,64,41,FALSE
#168,23,Male,Suburban,47959,Fashion,13,8,247.875,1983,Books,230,35,TRUE
#169,45,Female,Rural,31919,Fashion,22,1,896,896,Books,249,28,TRUE
#170,45,Female,Urban,1789,Fashion,1,8,458.125,3665,Apparel,246,6,FALSE
#171,61,Male,Urban,76280,Sports,2,2,185,370,Health & Beauty,587,6,TRUE
#172,61,Female,Urban,84537,Sports,29,3,1212.666667,3638,Health & Beauty,157,44,TRUE
#173,37,Female,Rural,25742,Sports,16,14,155.0714286,2171,Books,564,23,TRUE
#174,47,Female,Suburban,66781,Food,15,12,281.25,3375,Books,88,33,TRUE
#175,28,Male,Rural,10043,Food,13,9,215.6666667,1941,Electronics,313,16,TRUE
#176,45,Male,Rural,15446,Food,16,15,76.4,1146,Electronics,66,24,TRUE
#177,42,Male,Suburban,103595,Technology,17,2,1957.5,3915,Home & Kitchen,20,5,FALSE
#178,56,Female,Urban,119462,Food,21,6,739.8333333,4439,Home & Kitchen,33,41,FALSE
#179,50,Female,Urban,97483,Sports,29,15,201.6666667,3025,Health & Beauty,558,42,TRUE
#180,18,Male,Rural,15902,Sports,29,12,183.9166667,2207,Health & Beauty,73,13,TRUE
#181,44,Female,Urban,131268,Technology,7,2,5128,10256,Apparel,343,47,FALSE
#182,30,Female,Rural,27951,Technology,24,2,271.5,543,Apparel,133,12,TRUE
#183,58,Female,Rural,25907,Food,26,18,23.38888889,421,Electronics,55,5,FALSE
#184,20,Female,Suburban,119646,Travel,17,16,165.375,2646,Home & Kitchen,61,37,TRUE
#185,56,Female,Suburban,98713,Technology,7,1,4672,4672,Electronics,520,31,FALSE
#186,23,Male,Suburban,72735,Fashion,13,4,404.5,1618,Electronics,272,28,FALSE
#187,25,Female,Rural,6736,Sports,5,8,16.25,130,Home & Kitchen,246,28,TRUE
#188,44,Male,Suburban,111256,Fashion,26,3,1061,3183,Apparel,176,30,TRUE
#189,26,Female,Urban,55579,Sports,17,1,3101,3101,Home & Kitchen,317,18,TRUE
#190,54,Male,Urban,119140,Sports,3,14,231.3571429,3239,Books,131,44,TRUE
#191,50,Female,Rural,26145,Technology,7,2,44.5,89,Books,102,27,FALSE
#192,59,Male,Rural,28765,Technology,26,1,1189,1189,Books,310,35,TRUE
#193,61,Female,Suburban,59463,Fashion,17,4,793.75,3175,Health & Beauty,292,26,FALSE
#194,41,Male,Rural,16723,Sports,7,6,165.5,993,Apparel,495,39,TRUE
#195,32,Female,Rural,159,Fashion,21,10,128,1280,Apparel,361,49,FALSE
#196,49,Male,Urban,13593,Travel,1,1,2119,2119,Health & Beauty,338,18,TRUE
#197,49,Female,Urban,25255,Fashion,17,10,350.4,3504,Electronics,579,33,TRUE
#198,41,Male,Suburban,116350,Food,17,4,650,2600,Books,10,25,FALSE
#199,58,Male,Rural,3650,Fashion,11,4,45,180,Books,49,31,TRUE
#200,29,Female,Rural,10057,Food,25,7,206,1442,Electronics,487,37,TRUE
#201,56,Female,Urban,80849,Food,27,3,868.3333333,2605,Home & Kitchen,321,2,TRUE
#202,19,Male,Rural,27873,Food,29,16,3.125,50,Home & Kitchen,569,33,TRUE
#203,20,Female,Urban,120899,Travel,3,6,165.8333333,995,Apparel,133,39,TRUE
#204,54,Male,Suburban,79900,Fashion,15,10,217.3,2173,Health & Beauty,583,43,FALSE
#205,34,Male,Urban,135936,Fashion,29,1,4770,4770,Apparel,83,43,TRUE
#206,19,Male,Rural,7286,Travel,21,14,3.857142857,54,Home & Kitchen,57,32,FALSE
#207,19,Female,Suburban,47520,Sports,11,1,3394,3394,Electronics,376,18,TRUE
#208,45,Male,Urban,27236,Technology,26,3,2089,6267,Apparel,349,17,TRUE
#209,40,Male,Urban,46819,Fashion,28,10,415.3,4153,Books,271,34,FALSE
#210,54,Female,Suburban,115816,Technology,16,1,3792,3792,Books,483,39,FALSE
#211,49,Female,Suburban,58166,Travel,25,18,141.2222222,2542,Electronics,111,7,FALSE
#212,50,Female,Urban,79612,Sports,22,9,4.333333333,39,Home & Kitchen,76,42,FALSE
#213,18,Female,Rural,17192,Sports,28,5,417.4,2087,Books,158,35,FALSE
#214,36,Male,Urban,71654,Sports,9,11,424.5454545,4670,Books,532,30,TRUE
#215,19,Male,Suburban,46005,Travel,24,19,154.7368421,2940,Health & Beauty,329,12,FALSE
#216,61,Male,Urban,94618,Food,24,18,248.0555556,4465,Apparel,122,35,FALSE
#217,43,Male,Suburban,68817,Food,1,5,678.2,3391,Home & Kitchen,41,11,TRUE
#218,49,Female,Suburban,119680,Technology,29,2,1781,3562,Apparel,167,44,TRUE
#219,23,Male,Rural,9489,Food,25,3,642.6666667,1928,Home & Kitchen,23,4,FALSE
#220,49,Male,Suburban,40725,Food,22,9,320.6666667,2886,Books,279,25,FALSE
#221,21,Female,Suburban,119156,Sports,16,7,450.7142857,3155,Health & Beauty,469,48,FALSE
#222,28,Male,Rural,37276,Sports,9,8,283.75,2270,Apparel,400,32,TRUE
#223,34,Male,Suburban,57799,Technology,19,1,4508,4508,Books,9,20,FALSE
#224,55,Male,Rural,396,Fashion,12,5,99.4,497,Home & Kitchen,13,31,TRUE
#225,41,Male,Rural,12508,Technology,19,3,550.3333333,1651,Apparel,52,4,TRUE
#226,22,Male,Suburban,74884,Technology,22,3,861.6666667,2585,Apparel,209,38,TRUE
#227,51,Male,Suburban,66777,Travel,9,17,147.7058824,2511,Books,550,47,TRUE
#228,23,Female,Urban,7621,Travel,7,5,784.4,3922,Apparel,402,1,FALSE
#229,39,Female,Rural,8905,Technology,14,2,696,1392,Health & Beauty,191,3,TRUE
#230,28,Male,Urban,138087,Technology,29,1,2759,2759,Health & Beauty,51,37,TRUE
#231,33,Male,Suburban,83134,Technology,19,2,1997,3994,Books,393,22,FALSE
#232,50,Female,Urban,119965,Food,19,3,1074.666667,3224,Home & Kitchen,300,17,TRUE
#233,26,Male,Rural,36938,Travel,2,1,885,885,Books,196,14,FALSE
#234,23,Male,Urban,9288,Technology,9,2,1830.5,3661,Health & Beauty,417,41,TRUE
#235,33,Male,Rural,14962,Sports,13,9,3.111111111,28,Electronics,420,35,FALSE
#236,46,Female,Suburban,76744,Sports,15,7,434.4285714,3041,Electronics,522,13,TRUE
#237,20,Male,Suburban,119947,Food,3,13,203.5384615,2646,Apparel,356,35,TRUE
#238,37,Female,Rural,37614,Food,11,17,102.3529412,1740,Apparel,148,43,FALSE
#239,53,Male,Suburban,53436,Fashion,21,1,2159,2159,Electronics,365,2,TRUE
#240,36,Female,Suburban,44322,Fashion,14,10,301.6,3016,Health & Beauty,364,47,TRUE
#241,43,Female,Suburban,82962,Fashion,25,8,238.125,1905,Apparel,402,13,FALSE
#242,20,Male,Suburban,115459,Food,8,20,155.65,3113,Books,492,16,TRUE
#243,36,Female,Rural,25790,Food,18,20,109.9,2198,Books,229,18,TRUE
#244,37,Male,Urban,60105,Food,19,15,91.06666667,1366,Health & Beauty,575,7,FALSE
#245,49,Female,Urban,16661,Sports,16,8,506.625,4053,Apparel,537,45,FALSE
#246,24,Male,Suburban,76804,Food,2,4,834,3336,Books,268,36,FALSE
#247,58,Male,Urban,88263,Sports,8,5,933.4,4667,Apparel,405,41,FALSE
#248,50,Female,Urban,33360,Fashion,22,7,357.7142857,2504,Apparel,11,30,FALSE
#249,57,Male,Suburban,57971,Fashion,6,1,1762,1762,Books,320,42,TRUE
#250,56,Male,Suburban,64029,Fashion,12,10,302.7,3027,Electronics,126,41,FALSE
#251,35,Female,Urban,134427,Technology,15,1,7807,7807,Books,306,7,TRUE
#252,57,Male,Rural,27,Technology,25,1,2314,2314,Health & Beauty,511,15,FALSE
#253,18,Male,Suburban,110233,Travel,8,5,431.4,2157,Home & Kitchen,89,40,TRUE
#254,28,Female,Rural,33674,Travel,4,16,56.375,902,Books,355,19,TRUE
#255,45,Female,Urban,88203,Travel,15,1,3544,3544,Apparel,352,43,FALSE
#256,42,Male,Suburban,58386,Technology,28,1,4626,4626,Apparel,14,37,TRUE
#257,40,Male,Rural,26412,Technology,20,3,890.3333333,2671,Books,257,2,TRUE
#258,48,Female,Suburban,54328,Travel,25,2,1107.5,2215,Home & Kitchen,209,42,FALSE
#259,47,Female,Urban,6708,Travel,17,10,365.6,3656,Books,281,48,FALSE
#260,59,Male,Rural,24155,Food,13,14,115.9285714,1623,Home & Kitchen,443,13,FALSE
#261,52,Female,Urban,54833,Travel,18,8,430.875,3447,Home & Kitchen,389,40,FALSE
#262,24,Male,Urban,73298,Food,2,19,15.10526316,287,Health & Beauty,483,41,TRUE
#263,33,Male,Suburban,85440,Sports,13,5,693.4,3467,Apparel,147,43,TRUE
#264,43,Male,Rural,37773,Technology,13,2,608.5,1217,Apparel,279,43,TRUE
#265,19,Male,Urban,128117,Travel,22,16,108,1728,Home & Kitchen,521,31,TRUE
#266,18,Male,Urban,74950,Technology,15,1,9365,9365,Apparel,434,16,TRUE
#267,29,Female,Rural,17234,Technology,20,1,2036,2036,Electronics,144,42,TRUE
#268,22,Female,Urban,4627,Technology,29,2,4405,8810,Home & Kitchen,289,44,FALSE
#269,54,Female,Urban,66135,Sports,27,8,491.875,3935,Apparel,386,6,TRUE
#270,49,Female,Rural,19723,Fashion,10,5,227.2,1136,Electronics,14,28,TRUE
#271,26,Male,Rural,21340,Travel,29,11,74.81818182,823,Health & Beauty,257,32,TRUE
#272,58,Male,Rural,1924,Fashion,3,1,1027,1027,Apparel,346,44,FALSE
#273,52,Male,Rural,34866,Fashion,19,4,73,292,Electronics,345,10,FALSE
#274,36,Male,Suburban,84132,Fashion,3,2,943,1886,Books,400,18,FALSE
#275,33,Female,Rural,1821,Technology,22,2,509.5,1019,Books,207,4,FALSE
#276,20,Male,Suburban,102782,Food,14,12,282,3384,Electronics,172,9,TRUE
#277,37,Male,Suburban,117179,Technology,8,2,1445.5,2891,Home & Kitchen,464,7,TRUE
#278,41,Female,Suburban,64928,Technology,27,1,2887,2887,Home & Kitchen,270,8,TRUE
#279,50,Female,Urban,61295,Fashion,23,2,1423,2846,Apparel,221,43,FALSE
#280,41,Female,Suburban,112125,Technology,4,2,1938.5,3877,Books,152,7,TRUE
#281,28,Female,Suburban,68954,Fashion,27,1,2926,2926,Home & Kitchen,183,41,TRUE
#282,25,Male,Urban,105333,Food,28,14,40.21428571,563,Home & Kitchen,399,40,TRUE
#283,53,Male,Urban,57321,Travel,20,9,65,585,Books,72,3,FALSE
#284,55,Female,Urban,54872,Fashion,11,1,1065,1065,Health & Beauty,418,17,FALSE
#285,57,Male,Rural,29627,Food,26,4,258,1032,Home & Kitchen,283,2,FALSE
#286,37,Male,Urban,82794,Travel,11,6,524.5,3147,Electronics,74,15,TRUE
#287,52,Male,Urban,90282,Sports,27,6,706,4236,Apparel,355,46,TRUE
#288,42,Female,Suburban,64151,Fashion,11,7,451,3157,Home & Kitchen,497,29,TRUE
#289,52,Male,Urban,24636,Fashion,2,2,1815.5,3631,Home & Kitchen,328,48,TRUE
#290,42,Female,Rural,4458,Sports,17,5,482.4,2412,Health & Beauty,535,22,FALSE
#291,46,Male,Urban,57849,Sports,9,2,760.5,1521,Electronics,580,4,TRUE
#292,35,Male,Rural,27445,Fashion,28,7,198.7142857,1391,Apparel,447,6,FALSE
#293,63,Male,Urban,63809,Sports,28,14,243.6428571,3411,Home & Kitchen,373,38,TRUE
#294,35,Female,Urban,20620,Technology,2,1,4655,4655,Apparel,362,26,FALSE
#295,19,Male,Urban,77149,Travel,29,15,111.4666667,1672,Books,93,11,TRUE
#296,52,Female,Urban,20660,Travel,24,1,2276,2276,Home & Kitchen,321,26,TRUE
#297,33,Female,Rural,7540,Travel,15,7,157.4285714,1102,Home & Kitchen,324,17,FALSE
#298,58,Female,Rural,14088,Technology,16,1,348,348,Books,384,24,FALSE
#299,53,Male,Suburban,86169,Sports,25,4,634,2536,Health & Beauty,575,28,TRUE
#300,50,Male,Rural,1474,Food,4,3,15.66666667,47,Home & Kitchen,346,35,TRUE
#301,21,Male,Urban,87815,Sports,8,14,263.3571429,3687,Apparel,103,31,TRUE
#302,50,Male,Suburban,48511,Fashion,9,3,749.3333333,2248,Electronics,215,13,FALSE
#303,31,Female,Suburban,108974,Travel,26,11,198.5454545,2184,Apparel,192,35,TRUE
#304,38,Female,Suburban,106493,Sports,26,2,1790.5,3581,Health & Beauty,194,16,FALSE
#305,37,Female,Urban,63028,Food,5,20,119.25,2385,Electronics,380,15,TRUE
#306,25,Male,Rural,33495,Fashion,16,6,45,270,Apparel,403,43,TRUE
#307,24,Female,Urban,5496,Technology,13,1,8472,8472,Apparel,11,18,TRUE
#308,20,Male,Suburban,60191,Technology,7,1,4148,4148,Books,187,47,TRUE
#309,34,Female,Urban,61940,Food,26,18,72.27777778,1301,Health & Beauty,15,37,FALSE
#310,50,Male,Urban,6650,Fashion,20,3,625,1875,Books,297,48,FALSE
#311,29,Male,Rural,38128,Travel,17,18,25.05555556,451,Electronics,411,48,TRUE
#312,39,Female,Rural,19988,Sports,3,13,28.53846154,371,Books,585,49,TRUE
#313,39,Female,Suburban,83701,Fashion,5,7,370,2590,Health & Beauty,52,41,TRUE
#314,63,Female,Urban,53890,Technology,19,1,6581,6581,Home & Kitchen,28,27,FALSE
#315,47,Female,Urban,131855,Food,12,12,305.5,3666,Home & Kitchen,577,35,TRUE
#316,55,Male,Rural,33957,Food,29,18,7.222222222,130,Electronics,17,45,FALSE
#317,55,Female,Urban,105047,Sports,27,11,428.4545455,4713,Home & Kitchen,351,35,FALSE
#318,62,Female,Urban,146176,Food,7,11,221.9090909,2441,Books,428,28,FALSE
#319,25,Female,Urban,139466,Food,28,19,46.31578947,880,Electronics,229,39,FALSE
#320,44,Male,Rural,4216,Fashion,9,1,17,17,Health & Beauty,210,38,TRUE
#321,44,Male,Suburban,111295,Travel,28,11,222.0909091,2443,Electronics,431,9,TRUE
#322,51,Female,Suburban,47583,Sports,6,15,215.2666667,3229,Electronics,294,12,FALSE
#323,38,Male,Urban,46801,Fashion,29,6,401.6666667,2410,Apparel,582,15,TRUE
#324,47,Female,Suburban,118478,Travel,26,6,498.5,2991,Apparel,104,21,TRUE
#325,50,Male,Rural,3059,Fashion,17,5,171.2,856,Electronics,204,35,TRUE
#326,45,Male,Rural,12196,Fashion,16,7,31.42857143,220,Home & Kitchen,53,42,FALSE
#327,64,Male,Suburban,63084,Food,23,15,246.4,3696,Apparel,375,33,TRUE
#328,50,Male,Suburban,67722,Travel,3,9,260.1111111,2341,Health & Beauty,54,19,TRUE
#329,22,Female,Urban,74647,Sports,21,11,152.8181818,1681,Books,276,23,TRUE
#330,36,Female,Suburban,106856,Sports,26,7,394.7142857,2763,Apparel,335,13,TRUE
#331,21,Female,Urban,63538,Travel,4,10,324.7,3247,Electronics,31,44,TRUE
#332,52,Male,Urban,133329,Food,10,11,247.8181818,2726,Home & Kitchen,135,1,TRUE
#333,34,Female,Rural,15629,Technology,5,3,114.3333333,343,Books,58,29,TRUE
#334,61,Female,Rural,29986,Fashion,21,1,15,15,Apparel,105,24,TRUE
#335,45,Female,Rural,6751,Food,22,4,529,2116,Home & Kitchen,266,16,TRUE
#336,47,Male,Rural,15255,Travel,10,2,108,216,Home & Kitchen,522,25,TRUE
#337,46,Male,Suburban,114052,Fashion,12,9,258.7777778,2329,Home & Kitchen,496,23,FALSE
#338,63,Male,Rural,3258,Sports,10,3,452.6666667,1358,Electronics,253,28,TRUE
#339,23,Female,Suburban,68965,Technology,29,1,2565,2565,Health & Beauty,295,47,FALSE
#340,52,Female,Rural,14844,Sports,13,2,158.5,317,Home & Kitchen,158,16,TRUE
#341,58,Female,Suburban,60565,Travel,11,17,118.5882353,2016,Books,549,43,FALSE
#342,54,Male,Urban,48446,Fashion,22,7,324.1428571,2269,Apparel,67,38,FALSE
#343,41,Male,Suburban,44838,Travel,16,14,154.1428571,2158,Books,299,11,TRUE
#344,46,Female,Suburban,79389,Fashion,8,8,241.875,1935,Electronics,463,3,FALSE
#345,63,Male,Rural,5122,Food,8,20,65.4,1308,Electronics,101,15,FALSE
#346,48,Male,Suburban,71819,Technology,27,2,1830.5,3661,Books,56,1,FALSE
#347,52,Male,Urban,51406,Food,25,7,46.28571429,324,Health & Beauty,332,7,TRUE
#348,50,Male,Urban,112136,Food,8,6,490.1666667,2941,Electronics,393,1,FALSE
#349,38,Female,Rural,22405,Travel,13,8,128.375,1027,Electronics,381,49,FALSE
#350,49,Male,Urban,108862,Technology,27,2,1988,3976,Books,92,32,TRUE
#351,40,Male,Suburban,89128,Fashion,2,10,262.5,2625,Electronics,447,9,FALSE
#352,50,Male,Urban,63896,Fashion,12,6,426,2556,Health & Beauty,109,29,FALSE
#353,20,Male,Rural,36005,Sports,10,3,648.3333333,1945,Health & Beauty,317,26,FALSE
#354,35,Female,Suburban,80567,Fashion,12,4,588,2352,Health & Beauty,168,23,TRUE
#355,42,Female,Rural,2615,Travel,11,10,177,1770,Apparel,435,45,FALSE
#356,59,Male,Suburban,67523,Food,15,4,833.25,3333,Health & Beauty,442,43,TRUE
#357,48,Male,Urban,148987,Food,16,8,465.875,3727,Health & Beauty,218,29,FALSE
#358,20,Male,Rural,32902,Food,17,8,274.875,2199,Apparel,222,38,FALSE
#359,57,Male,Rural,38563,Technology,26,2,1142,2284,Home & Kitchen,528,33,FALSE
#360,63,Male,Suburban,113187,Fashion,2,2,1386.5,2773,Electronics,278,7,FALSE
#361,41,Male,Rural,10162,Travel,18,11,125.7272727,1383,Health & Beauty,569,12,TRUE
#362,49,Female,Suburban,55041,Technology,12,1,2978,2978,Electronics,574,31,FALSE
#363,64,Male,Suburban,69589,Sports,19,7,399.5714286,2797,Books,466,32,TRUE
#364,39,Female,Suburban,100072,Travel,26,5,488.2,2441,Electronics,584,20,FALSE
#365,40,Female,Suburban,101205,Travel,23,19,149.7894737,2846,Apparel,30,17,TRUE
#366,19,Male,Urban,69677,Travel,18,3,88.66666667,266,Electronics,359,36,FALSE
#367,44,Female,Suburban,110958,Food,17,18,154.1666667,2775,Electronics,288,3,FALSE
#368,59,Female,Rural,30263,Travel,6,19,65.94736842,1253,Electronics,86,1,TRUE
#369,19,Female,Urban,71153,Fashion,25,5,363.8,1819,Home & Kitchen,234,27,TRUE
#370,43,Female,Rural,21323,Travel,15,18,102.7777778,1850,Home & Kitchen,313,47,TRUE
#371,34,Female,Urban,111227,Food,3,15,56.2,843,Books,365,40,TRUE
#372,57,Female,Suburban,115354,Travel,6,1,2237,2237,Apparel,269,33,FALSE
#373,50,Male,Urban,144539,Sports,3,7,492,3444,Electronics,131,20,TRUE
#374,26,Female,Urban,124912,Sports,29,5,354,1770,Electronics,351,14,TRUE
#375,60,Female,Rural,16575,Food,1,2,754,1508,Electronics,180,36,TRUE
#376,56,Female,Rural,11348,Fashion,13,9,123.3333333,1110,Electronics,480,5,FALSE
#377,46,Male,Suburban,87027,Fashion,28,5,622,3110,Home & Kitchen,163,23,FALSE
#378,59,Female,Urban,37170,Technology,21,1,9466,9466,Books,96,45,FALSE
#379,43,Male,Urban,146747,Food,26,10,440,4400,Health & Beauty,510,15,FALSE
#380,52,Female,Urban,14910,Travel,14,3,1042,3126,Apparel,365,6,TRUE
#381,42,Male,Suburban,88605,Food,13,11,253.4545455,2788,Electronics,353,33,FALSE
#382,41,Male,Suburban,90192,Technology,27,1,3570,3570,Books,436,19,TRUE
#383,30,Female,Suburban,80686,Food,4,19,149.7894737,2846,Health & Beauty,83,13,FALSE
#384,24,Female,Suburban,48023,Food,7,20,134,2680,Books,225,29,TRUE
#385,53,Male,Suburban,50758,Technology,22,1,2730,2730,Home & Kitchen,412,6,TRUE
#386,62,Female,Rural,16735,Fashion,10,4,1.5,6,Health & Beauty,118,15,TRUE
#387,37,Male,Urban,5330,Travel,7,17,210.8823529,3585,Books,482,16,TRUE
#388,18,Male,Urban,149055,Technology,21,1,259,259,Home & Kitchen,192,24,TRUE
#389,25,Male,Urban,53573,Sports,15,9,365.6666667,3291,Books,591,23,FALSE
#390,63,Male,Urban,94618,Fashion,15,8,555,4440,Books,590,48,TRUE
#391,33,Male,Urban,44305,Sports,4,9,542.8888889,4886,Health & Beauty,107,10,TRUE
#392,31,Female,Urban,143002,Fashion,23,4,1139,4556,Home & Kitchen,382,41,TRUE
#393,29,Male,Urban,127110,Travel,23,13,274.2307692,3565,Electronics,390,41,TRUE
#394,40,Male,Urban,8274,Travel,6,2,1282.5,2565,Apparel,244,49,FALSE
#395,32,Female,Rural,38211,Food,24,7,350.5714286,2454,Health & Beauty,585,17,FALSE
#396,45,Male,Urban,122328,Sports,20,5,381.6,1908,Home & Kitchen,468,49,TRUE
#397,51,Female,Rural,14070,Fashion,26,4,263,1052,Books,538,44,TRUE
#398,19,Female,Suburban,66971,Travel,5,7,297.4285714,2082,Home & Kitchen,210,45,TRUE
#399,49,Female,Urban,88982,Technology,20,3,1543.666667,4631,Apparel,73,30,TRUE
#400,40,Male,Suburban,85163,Travel,12,2,1284.5,2569,Apparel,309,44,FALSE
#401,39,Male,Suburban,116734,Technology,1,3,1193,3579,Electronics,590,46,FALSE
#402,42,Male,Suburban,85597,Fashion,28,8,218.5,1748,Electronics,186,10,TRUE
#403,39,Female,Rural,33571,Travel,8,20,11.35,227,Apparel,253,19,TRUE
#404,39,Male,Suburban,97776,Travel,1,9,238.5555556,2147,Health & Beauty,13,29,TRUE
#405,59,Female,Suburban,46295,Fashion,5,9,268.4444444,2416,Health & Beauty,299,2,TRUE
#406,23,Male,Suburban,89728,Travel,22,11,226.2727273,2489,Books,76,36,TRUE
#407,32,Female,Urban,34252,Technology,6,2,1445,2890,Electronics,51,19,FALSE
#408,60,Male,Urban,57762,Travel,29,4,59.5,238,Books,149,7,FALSE
#409,54,Male,Rural,38767,Sports,21,2,656,1312,Electronics,122,26,TRUE
#410,50,Male,Rural,6927,Food,3,12,162.0833333,1945,Apparel,211,15,FALSE
#411,25,Female,Urban,126477,Technology,15,1,5655,5655,Health & Beauty,280,47,FALSE
#412,61,Female,Rural,13135,Sports,5,14,142.7142857,1998,Health & Beauty,538,38,FALSE
#413,61,Male,Urban,76761,Fashion,28,3,1458.333333,4375,Apparel,156,3,TRUE
#414,22,Male,Suburban,91886,Technology,24,2,1574,3148,Books,238,38,FALSE
#415,56,Female,Suburban,90339,Food,14,4,777.75,3111,Books,376,16,FALSE
#416,21,Female,Rural,27708,Food,18,3,312.3333333,937,Home & Kitchen,82,2,TRUE
#417,23,Female,Urban,88075,Fashion,16,9,454.1111111,4087,Electronics,492,31,FALSE
#418,62,Male,Urban,72605,Fashion,6,10,256.2,2562,Books,356,28,TRUE
#419,49,Female,Rural,23057,Technology,25,3,792.6666667,2378,Apparel,273,7,FALSE
#420,47,Male,Urban,31620,Travel,24,11,279.0909091,3070,Books,580,30,TRUE
#421,64,Female,Suburban,81072,Fashion,14,4,491.25,1965,Health & Beauty,44,43,TRUE
#422,52,Male,Rural,2185,Travel,27,6,24.16666667,145,Electronics,573,7,FALSE
#423,57,Female,Rural,39032,Sports,24,4,558.25,2233,Home & Kitchen,123,36,FALSE
#424,33,Female,Urban,68502,Food,8,20,173.25,3465,Electronics,349,29,TRUE
#425,30,Female,Rural,9787,Travel,29,3,143.3333333,430,Health & Beauty,330,24,TRUE
#426,59,Female,Urban,106086,Food,7,11,452.3636364,4976,Health & Beauty,409,39,FALSE
#427,47,Female,Urban,103094,Travel,8,13,70.84615385,921,Health & Beauty,323,4,FALSE
#428,36,Male,Urban,47397,Sports,13,8,144.75,1158,Health & Beauty,111,29,FALSE
#429,34,Female,Urban,111250,Fashion,6,6,64,384,Apparel,89,44,FALSE
#430,36,Female,Urban,83681,Sports,18,10,249.9,2499,Home & Kitchen,433,5,TRUE
#431,45,Female,Rural,39492,Fashion,2,2,689,1378,Health & Beauty,99,29,TRUE
#432,43,Male,Suburban,93483,Fashion,8,5,406.2,2031,Health & Beauty,539,30,TRUE
#433,54,Female,Suburban,90355,Food,11,15,211.6,3174,Books,146,29,FALSE
#434,43,Male,Rural,22957,Sports,1,7,428,2996,Home & Kitchen,257,26,FALSE
#435,40,Female,Rural,36550,Travel,22,18,101.5555556,1828,Electronics,189,19,TRUE
#436,26,Female,Suburban,82720,Sports,29,5,560.2,2801,Home & Kitchen,240,26,TRUE
#437,29,Male,Suburban,57477,Food,6,1,3499,3499,Home & Kitchen,503,37,TRUE
#438,18,Female,Suburban,61182,Fashion,16,10,194.7,1947,Home & Kitchen,271,27,TRUE
#439,18,Male,Suburban,87341,Food,27,7,451.7142857,3162,Health & Beauty,520,30,TRUE
#440,64,Male,Suburban,113112,Technology,20,1,2555,2555,Health & Beauty,550,30,TRUE
#441,51,Female,Urban,38403,Technology,12,1,9368,9368,Apparel,114,3,FALSE
#442,49,Male,Rural,18871,Travel,11,18,94.05555556,1693,Electronics,339,43,TRUE
#443,42,Female,Urban,97319,Food,29,20,14.9,298,Books,568,7,TRUE
#444,57,Female,Suburban,60331,Travel,27,10,224.9,2249,Home & Kitchen,359,49,TRUE
#445,62,Male,Suburban,49664,Travel,29,15,138.4,2076,Electronics,334,9,TRUE
#446,18,Male,Suburban,99158,Technology,10,2,2454.5,4909,Electronics,169,41,TRUE
#447,33,Male,Urban,34678,Travel,3,11,171.7272727,1889,Apparel,339,42,TRUE
#448,56,Male,Urban,118932,Technology,13,1,2526,2526,Books,261,13,TRUE
#449,22,Female,Suburban,118237,Fashion,27,9,346.3333333,3117,Home & Kitchen,199,15,FALSE
#450,39,Female,Urban,83835,Food,3,6,634.3333333,3806,Books,211,5,TRUE
#451,46,Male,Urban,107367,Travel,15,7,200,1400,Apparel,287,29,FALSE
#452,20,Female,Suburban,76174,Technology,16,2,1733,3466,Health & Beauty,472,35,FALSE
#453,29,Female,Urban,29557,Sports,29,12,189.25,2271,Electronics,482,27,FALSE
#454,43,Female,Rural,8631,Travel,13,16,60.8125,973,Home & Kitchen,23,27,TRUE
#455,33,Female,Rural,12091,Fashion,17,4,55.5,222,Health & Beauty,560,8,TRUE
#456,54,Male,Rural,35887,Fashion,3,4,367.25,1469,Apparel,109,32,TRUE
#457,39,Male,Rural,14620,Sports,20,8,215.75,1726,Books,296,20,TRUE
#458,46,Female,Suburban,59495,Technology,11,3,1403,4209,Electronics,6,10,TRUE
#459,31,Male,Suburban,101933,Travel,27,10,298.3,2983,Home & Kitchen,550,13,TRUE
#460,45,Male,Suburban,96646,Technology,21,2,1293,2586,Health & Beauty,203,29,TRUE
#461,22,Male,Rural,39454,Fashion,19,2,624,1248,Health & Beauty,325,35,TRUE
#462,64,Female,Rural,35916,Technology,22,3,535.6666667,1607,Electronics,244,8,TRUE
#463,47,Female,Urban,29014,Fashion,11,10,90,900,Books,327,29,TRUE
#464,63,Female,Urban,92894,Technology,28,1,6843,6843,Apparel,47,31,FALSE
#465,22,Male,Rural,256,Sports,16,12,57.41666667,689,Books,591,41,TRUE
#466,29,Female,Rural,2090,Food,21,2,357.5,715,Books,13,30,TRUE
#467,33,Female,Rural,31672,Sports,3,5,111,555,Books,380,22,TRUE
#468,43,Male,Rural,12364,Sports,22,3,919.6666667,2759,Electronics,365,21,FALSE
#469,43,Female,Urban,10703,Food,6,3,241.6666667,725,Electronics,342,12,TRUE
#470,38,Female,Rural,15928,Food,14,13,142.3846154,1851,Apparel,221,11,TRUE
#471,56,Male,Urban,145085,Travel,24,13,94.92307692,1234,Books,73,2,FALSE
#472,53,Male,Rural,21912,Travel,18,12,82.33333333,988,Electronics,46,41,TRUE
#473,50,Male,Rural,38975,Sports,17,12,122.8333333,1474,Apparel,504,2,FALSE
#474,47,Female,Rural,36525,Sports,4,2,592.5,1185,Apparel,274,34,FALSE
#475,54,Female,Urban,66553,Fashion,23,8,142.25,1138,Books,555,3,FALSE
#476,40,Female,Urban,123611,Fashion,15,3,710.3333333,2131,Home & Kitchen,208,16,FALSE
#477,27,Male,Suburban,95346,Travel,11,10,285.5,2855,Books,124,4,TRUE
#478,22,Male,Rural,11723,Travel,26,3,657.6666667,1973,Home & Kitchen,10,23,FALSE
#479,53,Female,Suburban,116755,Fashion,3,6,467.6666667,2806,Apparel,329,20,FALSE
#480,51,Female,Suburban,51567,Fashion,3,8,261.375,2091,Electronics,187,25,TRUE
#481,48,Male,Urban,21493,Technology,16,1,6822,6822,Health & Beauty,543,30,TRUE
#482,27,Male,Urban,134344,Technology,5,3,1370.666667,4112,Apparel,60,18,TRUE
#483,36,Male,Suburban,92536,Fashion,21,6,285.8333333,1715,Electronics,442,42,FALSE
#484,49,Male,Rural,18123,Technology,29,2,209,418,Apparel,217,11,TRUE
#485,18,Female,Urban,80726,Food,10,5,455.6,2278,Books,2,29,FALSE
#486,22,Male,Rural,28117,Travel,19,2,167,334,Home & Kitchen,536,17,FALSE
#487,62,Female,Rural,13433,Travel,25,13,34.92307692,454,Apparel,356,26,TRUE
#488,21,Female,Suburban,111907,Fashion,4,8,408.875,3271,Electronics,165,23,TRUE
#489,33,Female,Suburban,50977,Sports,29,10,375,3750,Books,91,48,TRUE
#490,41,Male,Suburban,79205,Fashion,29,7,403.2857143,2823,Health & Beauty,167,20,TRUE
#491,33,Male,Suburban,81101,Technology,19,2,1498.5,2997,Books,207,45,TRUE
#492,19,Male,Urban,138483,Sports,11,15,54.53333333,818,Home & Kitchen,282,2,TRUE
#493,45,Male,Urban,3240,Technology,2,1,1703,1703,Books,65,24,FALSE
#494,49,Female,Suburban,76749,Food,10,13,282.5384615,3673,Health & Beauty,516,31,FALSE
#495,44,Male,Urban,76050,Technology,29,1,9293,9293,Electronics,157,27,TRUE
#496,37,Male,Suburban,68488,Food,11,19,151.2105263,2873,Apparel,306,2,FALSE
#497,41,Female,Rural,18625,Food,25,7,305.1428571,2136,Home & Kitchen,395,14,FALSE
#498,29,Male,Rural,14946,Technology,20,2,1049,2098,Health & Beauty,74,4,FALSE
#499,52,Female,Rural,18713,Technology,16,1,335,335,Home & Kitchen,187,49,FALSE
#500,50,Female,Suburban,115707,Food,19,9,423,3807,Books,574,13,FALSE
#501,50,Female,Rural,33148,Sports,23,6,371.8333333,2231,Home & Kitchen,337,36,FALSE
#502,60,Female,Urban,122568,Food,24,4,1245,4980,Health & Beauty,568,35,TRUE
#503,54,Female,Rural,37937,Travel,11,19,23.31578947,443,Apparel,240,44,TRUE
#504,29,Female,Rural,4858,Food,14,19,40.52631579,770,Apparel,533,8,TRUE
#505,20,Female,Rural,34774,Sports,2,10,275.1,2751,Home & Kitchen,141,2,FALSE
#506,18,Female,Urban,123504,Travel,23,18,4.666666667,84,Electronics,265,6,TRUE
#507,50,Male,Suburban,58974,Fashion,28,7,333.2857143,2333,Home & Kitchen,139,31,TRUE
#508,57,Male,Urban,26165,Fashion,5,2,1128.5,2257,Books,459,10,TRUE
#509,27,Male,Suburban,47422,Sports,27,4,935.25,3741,Apparel,70,44,FALSE
#510,60,Male,Suburban,115689,Food,5,10,299.6,2996,Apparel,385,21,TRUE
#511,61,Female,Rural,26742,Technology,19,2,658.5,1317,Apparel,198,42,FALSE
#512,46,Male,Suburban,45625,Sports,21,15,259.3333333,3890,Electronics,205,10,TRUE
#513,30,Female,Urban,43550,Travel,12,1,3358,3358,Electronics,568,23,TRUE
#514,29,Male,Urban,130535,Travel,18,1,1560,1560,Health & Beauty,431,3,TRUE
#515,48,Male,Suburban,90939,Fashion,4,1,1624,1624,Home & Kitchen,325,32,FALSE
#516,63,Male,Rural,1027,Travel,22,10,167.7,1677,Home & Kitchen,442,20,FALSE
#517,19,Female,Rural,20094,Sports,17,12,76.83333333,922,Books,288,10,FALSE
#518,52,Male,Urban,770,Travel,10,15,143.6,2154,Apparel,226,29,FALSE
#519,40,Female,Rural,10835,Sports,20,2,1252.5,2505,Electronics,64,41,FALSE
#520,34,Female,Suburban,82344,Technology,6,2,1487,2974,Books,560,46,TRUE
#521,43,Male,Suburban,54662,Fashion,25,7,420.2857143,2942,Books,498,34,TRUE
#522,25,Male,Urban,33444,Travel,14,1,3333,3333,Electronics,60,37,FALSE
#523,46,Male,Suburban,49807,Sports,11,12,248.0833333,2977,Home & Kitchen,397,20,FALSE
#524,43,Female,Urban,145196,Food,11,8,547.75,4382,Apparel,257,8,TRUE
#525,27,Male,Suburban,78512,Fashion,29,1,2579,2579,Home & Kitchen,577,7,FALSE
#526,43,Female,Urban,102207,Technology,18,1,5770,5770,Books,239,6,TRUE
#527,51,Female,Rural,17285,Sports,27,3,320,960,Apparel,38,11,FALSE
#528,58,Male,Suburban,49780,Technology,23,2,2436,4872,Health & Beauty,25,44,TRUE
#529,24,Male,Suburban,106795,Technology,22,3,1632,4896,Books,410,18,FALSE
#530,21,Female,Urban,14069,Travel,18,16,40.125,642,Home & Kitchen,461,42,FALSE
#531,62,Female,Urban,33101,Travel,24,6,550,3300,Home & Kitchen,571,29,TRUE
#532,28,Female,Suburban,82058,Sports,23,7,537.1428571,3760,Home & Kitchen,417,25,TRUE
#533,46,Male,Urban,6525,Food,11,15,138.3333333,2075,Electronics,357,21,FALSE
#534,53,Female,Suburban,92308,Sports,21,3,1044.666667,3134,Books,383,46,FALSE
#535,42,Male,Rural,15784,Food,12,9,20,180,Apparel,158,3,TRUE
#536,38,Female,Urban,49395,Technology,5,2,686.5,1373,Home & Kitchen,569,18,FALSE
#537,53,Female,Suburban,106556,Fashion,23,9,363.5555556,3272,Home & Kitchen,433,24,TRUE
#538,27,Male,Rural,23791,Sports,9,9,81,729,Electronics,48,47,TRUE
#539,54,Female,Rural,16383,Sports,27,11,260.4545455,2865,Apparel,328,38,FALSE
#540,26,Male,Suburban,40167,Food,25,16,173.0625,2769,Books,433,10,TRUE
#541,41,Male,Urban,49653,Technology,9,1,5597,5597,Health & Beauty,431,27,TRUE
#542,52,Female,Suburban,85915,Technology,22,3,1435.333333,4306,Electronics,56,12,FALSE
#543,52,Male,Rural,600,Food,10,13,89.38461538,1162,Books,577,7,TRUE
#544,53,Male,Suburban,60838,Technology,22,1,3748,3748,Health & Beauty,268,17,TRUE
#545,35,Female,Urban,114496,Travel,19,16,163.875,2622,Home & Kitchen,69,1,TRUE
#546,56,Male,Rural,33572,Fashion,1,7,72.85714286,510,Home & Kitchen,449,26,TRUE
#547,49,Male,Suburban,69908,Sports,7,6,464.3333333,2786,Apparel,257,15,FALSE
#548,41,Male,Urban,142962,Fashion,4,7,35.57142857,249,Health & Beauty,490,33,TRUE
#549,40,Female,Rural,17429,Sports,1,2,891,1782,Home & Kitchen,49,37,FALSE
#550,49,Male,Urban,16583,Travel,15,8,454.125,3633,Home & Kitchen,316,47,TRUE
#551,54,Female,Rural,32288,Technology,8,1,893,893,Apparel,413,31,FALSE
#552,29,Female,Suburban,105979,Food,12,4,721.5,2886,Books,434,35,TRUE
#553,30,Male,Urban,149619,Travel,22,18,60.66666667,1092,Home & Kitchen,2,1,FALSE
#554,40,Male,Rural,18705,Fashion,22,1,968,968,Electronics,145,8,TRUE
#555,42,Male,Urban,110507,Food,18,14,106.1428571,1486,Electronics,366,12,TRUE
#556,52,Female,Urban,149261,Technology,15,3,338,1014,Books,420,19,TRUE
#557,58,Male,Suburban,85325,Travel,17,8,349,2792,Health & Beauty,573,25,TRUE
#558,47,Male,Urban,87682,Food,29,18,127.8888889,2302,Apparel,561,32,FALSE
#559,34,Male,Rural,32399,Travel,14,17,10.70588235,182,Electronics,444,12,FALSE
#560,37,Male,Rural,6327,Travel,14,16,101.5625,1625,Electronics,434,13,TRUE
#561,42,Male,Rural,38566,Technology,18,2,1352,2704,Books,555,28,FALSE
#562,39,Female,Rural,12279,Sports,20,1,2271,2271,Health & Beauty,57,1,TRUE
#563,30,Female,Suburban,60169,Food,18,8,351.625,2813,Health & Beauty,562,6,TRUE
#564,36,Male,Urban,94199,Technology,16,1,370,370,Books,178,8,FALSE
#565,53,Male,Suburban,74637,Travel,1,13,161.5384615,2100,Electronics,293,4,FALSE
#566,29,Male,Urban,98205,Technology,23,1,2786,2786,Apparel,46,5,FALSE
#567,58,Male,Urban,136076,Sports,27,3,1657,4971,Electronics,170,25,TRUE
#568,36,Female,Urban,100839,Food,11,14,133.1428571,1864,Health & Beauty,271,22,TRUE
#569,29,Male,Suburban,89132,Sports,15,14,213.8571429,2994,Electronics,417,28,FALSE
#570,26,Female,Urban,61043,Fashion,12,2,2068,4136,Apparel,139,39,TRUE
#571,24,Female,Suburban,96308,Food,8,12,273.8333333,3286,Home & Kitchen,247,23,FALSE
#572,45,Male,Rural,3607,Sports,22,14,68.92857143,965,Electronics,148,4,FALSE
#573,31,Female,Rural,6857,Travel,20,10,199.5,1995,Books,230,4,FALSE
#574,48,Female,Urban,124432,Food,6,8,394.625,3157,Home & Kitchen,374,47,FALSE
#575,36,Female,Suburban,102968,Food,3,4,630.75,2523,Books,80,21,FALSE
#576,64,Female,Rural,1669,Technology,28,3,463.3333333,1390,Books,65,37,FALSE
#577,33,Male,Suburban,64832,Travel,24,2,1487.5,2975,Books,88,41,TRUE
#578,22,Male,Suburban,82541,Fashion,26,9,266,2394,Electronics,88,2,TRUE
#579,52,Female,Urban,64178,Sports,13,1,4302,4302,Health & Beauty,204,7,FALSE
#580,29,Male,Rural,14680,Technology,13,1,1476,1476,Home & Kitchen,382,49,FALSE
#581,42,Male,Urban,40684,Sports,2,10,409.4,4094,Apparel,476,16,FALSE
#582,38,Male,Urban,113224,Fashion,5,2,649,1298,Health & Beauty,573,17,TRUE
#583,53,Male,Rural,12759,Fashion,17,1,360,360,Electronics,539,20,FALSE
#584,40,Male,Rural,33958,Food,6,19,45.57894737,866,Books,214,23,FALSE
#585,33,Female,Suburban,73079,Fashion,2,10,184.3,1843,Apparel,74,34,FALSE
#586,56,Male,Rural,24813,Sports,4,8,265.125,2121,Home & Kitchen,61,11,TRUE
#587,62,Male,Suburban,91380,Travel,22,18,112.7777778,2030,Health & Beauty,543,34,FALSE
#588,59,Male,Suburban,48527,Travel,26,9,329,2961,Health & Beauty,219,33,TRUE
#589,56,Male,Suburban,96990,Food,11,15,256.6666667,3850,Apparel,12,26,TRUE
#590,31,Female,Rural,14842,Sports,8,15,27.06666667,406,Electronics,415,2,FALSE
#591,48,Female,Urban,50420,Sports,12,2,1845.5,3691,Home & Kitchen,32,23,TRUE
#592,22,Female,Suburban,105931,Fashion,8,4,651.5,2606,Apparel,160,41,TRUE
#593,52,Female,Urban,5349,Sports,11,12,154.5833333,1855,Books,237,22,TRUE
#594,40,Male,Urban,8972,Technology,22,2,3133.5,6267,Home & Kitchen,181,34,FALSE
#595,46,Female,Rural,6210,Fashion,20,10,2,20,Health & Beauty,558,15,TRUE
#596,60,Male,Urban,61240,Technology,8,2,1153.5,2307,Apparel,341,10,FALSE
#597,28,Male,Urban,25269,Food,29,4,788.5,3154,Health & Beauty,458,15,FALSE
#598,35,Male,Rural,31231,Travel,8,6,279.3333333,1676,Health & Beauty,80,42,FALSE
#599,64,Male,Suburban,74126,Food,26,15,225.0666667,3376,Health & Beauty,473,29,TRUE
#600,29,Male,Urban,20583,Travel,17,9,188,1692,Electronics,112,23,FALSE
#601,26,Female,Rural,20015,Food,20,3,796,2388,Health & Beauty,292,17,TRUE
#602,27,Female,Urban,5663,Sports,20,9,141.1111111,1270,Books,383,9,TRUE
#603,61,Female,Urban,112637,Technology,23,3,2188,6564,Books,17,36,TRUE
#604,34,Female,Suburban,84481,Travel,16,15,185.5333333,2783,Home & Kitchen,493,9,TRUE
#605,55,Male,Urban,33428,Fashion,14,8,486.875,3895,Health & Beauty,331,16,FALSE
#606,24,Female,Rural,3199,Technology,11,2,291.5,583,Health & Beauty,486,36,FALSE
#607,63,Male,Urban,1613,Fashion,7,2,155.5,311,Apparel,406,48,TRUE
#608,30,Female,Suburban,78374,Technology,16,3,1309.333333,3928,Electronics,117,33,FALSE
#609,57,Male,Suburban,92060,Technology,13,3,1072.666667,3218,Home & Kitchen,555,31,FALSE
#610,59,Male,Rural,23205,Food,27,11,160.5454545,1766,Health & Beauty,115,6,FALSE
#611,26,Female,Suburban,46318,Travel,15,3,699,2097,Apparel,549,10,TRUE
#612,44,Male,Urban,86646,Travel,24,2,985.5,1971,Electronics,547,16,FALSE
#613,19,Male,Suburban,108822,Technology,16,1,2794,2794,Home & Kitchen,336,4,TRUE
#614,22,Female,Rural,2371,Sports,27,11,50.18181818,552,Home & Kitchen,336,22,FALSE
#615,46,Male,Suburban,111630,Sports,21,5,549.6,2748,Health & Beauty,147,13,TRUE
#616,54,Female,Suburban,54570,Fashion,23,8,316.75,2534,Home & Kitchen,122,16,TRUE
#617,55,Female,Suburban,58284,Fashion,24,6,536.3333333,3218,Apparel,81,29,TRUE
#618,36,Female,Rural,18563,Food,9,7,270.4285714,1893,Home & Kitchen,375,6,FALSE
#619,25,Male,Suburban,113714,Technology,3,3,1489,4467,Books,570,26,TRUE
#620,62,Male,Suburban,57327,Fashion,19,6,343,2058,Apparel,63,11,FALSE
#621,18,Male,Urban,52946,Fashion,20,9,5.444444444,49,Electronics,504,24,TRUE
#622,39,Female,Rural,33896,Technology,5,3,494,1482,Electronics,449,29,FALSE
#623,34,Male,Suburban,97041,Food,10,8,344.25,2754,Health & Beauty,428,3,TRUE
#624,24,Female,Rural,22806,Fashion,17,6,144.8333333,869,Health & Beauty,427,10,FALSE
#625,42,Female,Suburban,103603,Food,15,18,202.2777778,3641,Books,421,1,TRUE
#626,62,Male,Suburban,106702,Travel,23,20,137.6,2752,Electronics,322,43,TRUE
#627,21,Female,Suburban,111572,Food,25,3,1046,3138,Electronics,166,26,TRUE
#628,53,Male,Urban,17660,Sports,8,4,44,176,Electronics,597,12,FALSE
#629,23,Male,Urban,93935,Sports,15,9,430.3333333,3873,Electronics,461,14,TRUE
#630,48,Male,Urban,59761,Food,21,1,3479,3479,Home & Kitchen,459,25,TRUE
#631,36,Male,Rural,12409,Sports,14,11,251.8181818,2770,Apparel,189,8,TRUE
#632,61,Male,Rural,32139,Travel,20,14,62,868,Apparel,464,43,TRUE
#633,56,Female,Urban,133297,Technology,28,2,2762.5,5525,Books,379,4,FALSE
#634,44,Female,Rural,30061,Sports,7,14,113.4285714,1588,Home & Kitchen,2,28,TRUE
#635,27,Female,Suburban,100985,Sports,21,1,2826,2826,Electronics,364,7,TRUE
#636,43,Male,Suburban,103207,Food,23,13,212.5384615,2763,Electronics,72,10,FALSE
#637,36,Male,Suburban,117799,Travel,12,14,157.9285714,2211,Health & Beauty,427,36,FALSE
#638,56,Male,Urban,89268,Technology,17,1,10101,10101,Health & Beauty,170,2,FALSE
#639,20,Female,Rural,20513,Food,17,12,90.5,1086,Books,205,26,TRUE
#640,62,Male,Urban,39739,Food,10,16,76.1875,1219,Electronics,337,14,FALSE
#641,30,Female,Rural,39544,Travel,29,18,89.16666667,1605,Books,472,16,FALSE
#642,45,Female,Suburban,114474,Technology,19,3,1399.666667,4199,Home & Kitchen,195,43,FALSE
#643,37,Male,Urban,22705,Travel,14,13,1.384615385,18,Apparel,275,42,TRUE
#644,45,Male,Rural,19759,Technology,11,1,2529,2529,Electronics,7,17,TRUE
#645,25,Female,Rural,33389,Travel,2,18,95.33333333,1716,Home & Kitchen,566,46,TRUE
#646,58,Male,Suburban,61026,Food,18,5,609.8,3049,Electronics,573,22,FALSE
#647,56,Female,Urban,107563,Food,7,7,413.2857143,2893,Health & Beauty,599,4,TRUE
#648,18,Male,Urban,133136,Fashion,12,4,107.5,430,Books,178,19,FALSE
#649,20,Male,Urban,137707,Sports,26,8,575.875,4607,Health & Beauty,242,2,FALSE
#650,30,Female,Suburban,86910,Travel,2,16,164.4375,2631,Apparel,203,39,FALSE
#651,45,Male,Urban,144232,Fashion,27,8,653.375,5227,Health & Beauty,543,9,TRUE
#652,42,Female,Suburban,73304,Sports,20,4,685.75,2743,Electronics,462,19,FALSE
#653,50,Male,Suburban,51539,Travel,18,9,247.7777778,2230,Health & Beauty,80,16,FALSE
#654,55,Female,Suburban,44686,Technology,6,1,3820,3820,Electronics,523,25,TRUE
#655,23,Female,Rural,19761,Sports,24,6,422,2532,Apparel,417,48,FALSE
#656,61,Male,Urban,23948,Food,10,11,138.2727273,1521,Health & Beauty,384,18,FALSE
#657,62,Female,Urban,6173,Fashion,20,10,529.9,5299,Books,391,23,FALSE
#658,49,Male,Suburban,76119,Sports,15,14,194.3571429,2721,Books,126,21,TRUE
#659,62,Male,Suburban,81496,Sports,5,12,254.5833333,3055,Books,494,11,FALSE
#660,64,Male,Urban,78770,Food,20,2,675.5,1351,Health & Beauty,47,39,TRUE
#661,38,Female,Suburban,86308,Travel,3,15,168.5333333,2528,Health & Beauty,476,41,TRUE
#662,33,Female,Urban,25799,Technology,5,2,2865.5,5731,Health & Beauty,464,4,FALSE
#663,38,Male,Rural,27666,Food,25,1,2273,2273,Electronics,123,25,FALSE
#664,28,Male,Suburban,47245,Technology,8,2,2242.5,4485,Apparel,474,32,FALSE
#665,54,Female,Urban,82964,Travel,8,16,38.875,622,Books,134,30,FALSE
#666,53,Male,Suburban,69321,Sports,8,9,313.6666667,2823,Electronics,562,45,TRUE
#667,52,Male,Urban,56849,Technology,12,2,4113,8226,Books,23,26,TRUE
#668,36,Female,Urban,146253,Fashion,24,3,174.3333333,523,Electronics,566,36,FALSE
#669,37,Male,Suburban,56146,Fashion,23,1,2119,2119,Health & Beauty,235,34,TRUE
#670,35,Female,Rural,30267,Food,8,4,25.75,103,Books,59,9,FALSE
#671,64,Male,Urban,102320,Travel,11,15,198.5333333,2978,Health & Beauty,164,12,FALSE
#672,58,Female,Urban,145766,Food,14,6,77.33333333,464,Books,216,2,FALSE
#673,31,Male,Urban,3255,Food,8,10,103.5,1035,Home & Kitchen,183,38,FALSE
#674,32,Male,Rural,39244,Food,29,8,137,1096,Electronics,569,5,TRUE
#675,48,Female,Rural,28272,Fashion,24,8,48.125,385,Home & Kitchen,90,5,TRUE
#676,18,Male,Suburban,48120,Fashion,28,5,353.4,1767,Electronics,311,22,FALSE
#677,20,Female,Rural,6938,Food,10,6,185,1110,Apparel,557,5,FALSE
#678,33,Male,Suburban,77329,Fashion,7,1,2016,2016,Books,257,4,TRUE
#679,40,Female,Suburban,88765,Travel,28,12,177.5,2130,Apparel,533,9,TRUE
#680,28,Female,Rural,22795,Food,17,2,235,470,Apparel,533,29,TRUE
#681,29,Female,Suburban,67386,Fashion,4,4,679.25,2717,Electronics,52,22,FALSE
#682,27,Female,Rural,18731,Technology,29,2,322.5,645,Home & Kitchen,338,27,TRUE
#683,49,Male,Suburban,97743,Food,13,16,204,3264,Health & Beauty,171,10,FALSE
#684,33,Male,Rural,25460,Food,4,15,109.6,1644,Electronics,67,16,FALSE
#685,25,Female,Rural,21292,Travel,5,5,171.8,859,Health & Beauty,300,42,TRUE
#686,55,Female,Suburban,105446,Sports,26,8,373.5,2988,Apparel,232,42,FALSE
#687,29,Female,Urban,58979,Sports,22,2,2168.5,4337,Health & Beauty,68,10,TRUE
#688,41,Male,Suburban,105048,Travel,4,11,201,2211,Home & Kitchen,506,6,FALSE
#689,45,Male,Rural,30500,Travel,18,4,73.5,294,Electronics,28,49,FALSE
#690,25,Male,Urban,54328,Travel,6,12,18.75,225,Home & Kitchen,51,5,FALSE
#691,45,Male,Suburban,52887,Sports,24,9,412.4444444,3712,Home & Kitchen,260,6,FALSE
#692,53,Female,Suburban,44756,Travel,24,2,1131.5,2263,Electronics,591,47,FALSE
#693,43,Female,Suburban,106550,Fashion,23,3,1059.666667,3179,Home & Kitchen,586,25,FALSE
#694,25,Female,Urban,89587,Food,22,7,185.4285714,1298,Books,184,4,TRUE
#695,45,Male,Rural,19638,Food,2,9,54.66666667,492,Books,23,40,TRUE
#696,45,Male,Suburban,61553,Technology,23,1,3829,3829,Books,129,48,FALSE
#697,54,Male,Suburban,115592,Technology,11,2,1392.5,2785,Health & Beauty,291,32,TRUE
#698,58,Female,Suburban,111841,Food,28,2,1845,3690,Home & Kitchen,501,35,FALSE
#699,53,Female,Suburban,75461,Fashion,14,5,654.2,3271,Electronics,186,10,TRUE
#700,44,Male,Suburban,104206,Sports,5,4,890,3560,Electronics,479,34,TRUE
#701,34,Female,Rural,30794,Sports,6,12,245.5,2946,Health & Beauty,571,36,FALSE
#702,26,Male,Rural,24731,Fashion,10,8,168.375,1347,Electronics,492,6,TRUE
#703,50,Male,Suburban,41530,Sports,8,5,778.2,3891,Books,513,43,FALSE
#704,37,Female,Urban,92116,Travel,14,7,318.4285714,2229,Home & Kitchen,67,46,TRUE
#705,30,Male,Rural,22577,Food,24,20,11.4,228,Electronics,467,16,FALSE
#706,45,Female,Urban,36255,Food,3,14,117.7142857,1648,Electronics,285,19,TRUE
#707,46,Male,Rural,38981,Fashion,12,8,132.625,1061,Apparel,417,34,FALSE
#708,30,Female,Suburban,91921,Sports,16,12,260.5,3126,Apparel,100,25,TRUE
#709,63,Female,Rural,35442,Technology,28,3,159.3333333,478,Apparel,189,31,FALSE
#710,52,Female,Suburban,46029,Technology,23,1,4743,4743,Home & Kitchen,388,49,TRUE
#711,23,Male,Rural,18682,Sports,17,9,189.8888889,1709,Books,241,41,FALSE
#712,35,Male,Suburban,51959,Technology,1,3,1288,3864,Books,417,17,TRUE
#713,22,Female,Suburban,42880,Fashion,23,3,1061.666667,3185,Books,176,47,FALSE
#714,64,Female,Suburban,108439,Fashion,10,7,370.7142857,2595,Home & Kitchen,387,30,TRUE
#715,42,Male,Suburban,98613,Sports,25,9,358.5555556,3227,Home & Kitchen,471,39,FALSE
#716,19,Male,Urban,99374,Technology,23,1,4045,4045,Apparel,233,31,FALSE
#717,27,Male,Suburban,73023,Fashion,10,9,229.2222222,2063,Electronics,452,19,FALSE
#718,47,Female,Urban,14148,Fashion,21,8,180.875,1447,Health & Beauty,277,35,FALSE
#719,62,Male,Urban,148356,Travel,24,16,181.3125,2901,Health & Beauty,229,29,TRUE
#720,22,Male,Suburban,73606,Travel,2,1,2633,2633,Electronics,171,1,TRUE
#721,50,Female,Urban,34716,Fashion,9,1,2025,2025,Apparel,213,4,TRUE
#722,18,Male,Rural,38551,Sports,22,12,117.9166667,1415,Electronics,282,28,FALSE
#723,35,Male,Suburban,58410,Food,13,6,514.8333333,3089,Electronics,41,18,FALSE
#724,49,Male,Urban,30348,Food,25,17,240.5294118,4089,Health & Beauty,122,26,FALSE
#725,64,Female,Suburban,41270,Fashion,16,3,566.6666667,1700,Apparel,227,40,FALSE
#726,28,Female,Suburban,94869,Fashion,18,2,1351,2702,Home & Kitchen,294,19,FALSE
#727,38,Female,Suburban,101232,Fashion,19,10,276.7,2767,Health & Beauty,267,6,TRUE
#728,43,Female,Urban,53814,Sports,12,1,743,743,Home & Kitchen,541,1,TRUE
#729,42,Female,Rural,23879,Travel,8,10,96.6,966,Apparel,451,8,TRUE
#730,39,Female,Rural,33733,Fashion,17,9,21.44444444,193,Electronics,449,33,FALSE
#731,44,Female,Urban,123778,Fashion,15,10,358.8,3588,Books,61,43,FALSE
#732,30,Male,Suburban,113033,Technology,10,1,3234,3234,Books,502,21,FALSE
#733,50,Male,Urban,59731,Sports,15,5,822.4,4112,Apparel,147,24,FALSE
#734,51,Female,Urban,39780,Fashion,15,3,1114.333333,3343,Books,334,25,FALSE
#735,58,Male,Urban,45229,Technology,23,1,8146,8146,Home & Kitchen,142,47,FALSE
#736,52,Male,Suburban,97026,Food,7,13,254.6923077,3311,Books,44,43,FALSE
#737,18,Female,Urban,138737,Fashion,13,4,1067.25,4269,Apparel,144,19,TRUE
#738,38,Male,Suburban,90584,Fashion,17,9,251.1111111,2260,Apparel,333,29,TRUE
#739,23,Male,Urban,16652,Technology,9,1,4399,4399,Home & Kitchen,497,10,FALSE
#740,45,Male,Rural,32820,Sports,8,1,1856,1856,Books,396,12,FALSE
#741,34,Male,Urban,108170,Fashion,20,5,57.2,286,Books,55,33,FALSE
#742,22,Male,Urban,38296,Food,26,13,352.3076923,4580,Electronics,307,7,TRUE
#743,48,Female,Rural,4995,Fashion,27,6,193.8333333,1163,Health & Beauty,423,17,TRUE
#744,22,Female,Suburban,67735,Food,21,18,184.1111111,3314,Apparel,417,10,FALSE
#745,55,Female,Suburban,48954,Travel,18,9,234,2106,Electronics,325,31,TRUE
#746,20,Male,Urban,40223,Travel,13,7,35.57142857,249,Apparel,80,6,TRUE
#747,40,Female,Rural,8021,Food,16,14,2.714285714,38,Electronics,31,17,TRUE
#748,54,Male,Suburban,106756,Sports,9,11,346,3806,Health & Beauty,112,37,FALSE
#749,54,Male,Urban,110892,Fashion,12,4,1255.75,5023,Electronics,558,18,TRUE
#750,27,Male,Rural,6296,Fashion,12,2,601,1202,Apparel,564,26,TRUE
#751,27,Male,Suburban,84447,Travel,6,17,157.7647059,2682,Books,472,49,FALSE
#752,36,Female,Suburban,52721,Food,19,16,213.5625,3417,Apparel,74,16,FALSE
#753,34,Female,Rural,24439,Fashion,28,5,91.2,456,Home & Kitchen,553,8,TRUE
#754,38,Male,Rural,7197,Fashion,7,4,289.75,1159,Home & Kitchen,479,24,FALSE
#755,31,Female,Rural,12963,Sports,25,11,79.18181818,871,Home & Kitchen,589,13,TRUE
#756,26,Male,Rural,35443,Technology,3,3,634.6666667,1904,Home & Kitchen,387,29,TRUE
#757,63,Female,Urban,6953,Travel,16,20,113.15,2263,Health & Beauty,564,32,FALSE
#758,18,Female,Rural,39842,Travel,18,18,47.55555556,856,Books,433,24,FALSE
#759,62,Male,Suburban,98721,Technology,16,2,1975,3950,Books,412,16,TRUE
#760,30,Female,Suburban,105501,Fashion,23,1,3298,3298,Apparel,467,11,FALSE
#761,21,Male,Urban,45763,Sports,7,8,68,544,Electronics,599,32,FALSE
#762,18,Female,Suburban,113087,Sports,4,12,309.1666667,3710,Apparel,248,6,TRUE
#763,57,Male,Suburban,80275,Travel,27,13,173,2249,Apparel,581,35,TRUE
#764,49,Male,Rural,29137,Sports,25,9,284,2556,Apparel,120,33,TRUE
#765,51,Female,Suburban,55035,Technology,8,1,4721,4721,Apparel,67,18,TRUE
#766,45,Female,Urban,145168,Fashion,13,4,589,2356,Books,573,37,TRUE
#767,48,Male,Rural,8913,Technology,13,1,1100,1100,Electronics,327,13,TRUE
#768,25,Female,Rural,35221,Food,17,2,426.5,853,Apparel,470,10,FALSE
#769,56,Female,Urban,30386,Travel,17,6,335.8333333,2015,Books,493,37,FALSE
#770,43,Male,Rural,5589,Sports,5,10,224.1,2241,Apparel,286,26,TRUE
#771,51,Male,Rural,21919,Food,6,9,169.4444444,1525,Home & Kitchen,312,46,FALSE
#772,20,Female,Urban,122830,Sports,19,5,786,3930,Apparel,309,17,FALSE
#773,29,Male,Rural,31436,Fashion,13,3,244,732,Apparel,97,1,TRUE
#774,18,Male,Urban,106879,Fashion,25,9,340.8888889,3068,Health & Beauty,113,25,FALSE
#775,61,Male,Urban,133934,Fashion,28,5,674.2,3371,Home & Kitchen,456,34,FALSE
#776,22,Female,Suburban,101501,Sports,26,2,1902,3804,Electronics,463,39,TRUE
#777,47,Female,Suburban,62276,Food,14,5,740.4,3702,Apparel,132,10,FALSE
#778,47,Male,Rural,38267,Fashion,22,1,227,227,Electronics,121,20,FALSE
#779,34,Female,Rural,32490,Food,4,14,160.5714286,2248,Home & Kitchen,197,7,TRUE
#780,64,Male,Urban,36675,Sports,28,3,291.6666667,875,Apparel,482,16,FALSE
#781,40,Female,Rural,35701,Food,7,8,226.5,1812,Health & Beauty,39,37,FALSE
#782,32,Male,Urban,7583,Sports,8,12,30.33333333,364,Books,566,29,FALSE
#783,54,Male,Urban,65734,Sports,25,8,505.875,4047,Health & Beauty,512,12,TRUE
#784,38,Female,Rural,12529,Travel,13,1,984,984,Health & Beauty,474,17,TRUE
#785,31,Male,Urban,131062,Sports,27,13,190.6153846,2478,Books,161,48,FALSE
#786,19,Female,Suburban,58065,Sports,6,6,432,2592,Books,289,20,FALSE
#787,28,Female,Rural,22222,Technology,6,3,681.3333333,2044,Books,200,26,TRUE
#788,56,Male,Suburban,49703,Fashion,24,7,361.1428571,2528,Apparel,528,48,TRUE
#789,55,Male,Rural,6094,Travel,28,15,56.73333333,851,Electronics,503,19,FALSE
#790,51,Female,Urban,28199,Travel,21,7,457.8571429,3205,Electronics,248,47,TRUE
#791,55,Male,Rural,24122,Travel,3,10,197.2,1972,Books,383,12,FALSE
#792,51,Male,Suburban,96073,Technology,28,1,3036,3036,Health & Beauty,218,21,FALSE
#793,35,Male,Urban,99591,Sports,3,11,106.2727273,1169,Home & Kitchen,87,42,TRUE
#794,47,Male,Rural,2595,Fashion,13,4,228.25,913,Books,82,34,TRUE
#795,32,Male,Rural,37713,Food,22,9,121.5555556,1094,Health & Beauty,62,7,FALSE
#796,44,Female,Rural,24327,Sports,2,8,299.5,2396,Health & Beauty,500,45,FALSE
#797,51,Female,Suburban,80381,Technology,16,2,1356.5,2713,Apparel,42,35,TRUE
#798,55,Male,Suburban,101270,Sports,22,12,301.5833333,3619,Apparel,12,15,FALSE
#799,50,Male,Rural,18618,Sports,29,12,28.75,345,Electronics,115,1,TRUE
#800,41,Male,Urban,22892,Technology,6,1,2170,2170,Electronics,218,26,TRUE
#801,32,Female,Urban,9069,Travel,8,5,416,2080,Home & Kitchen,106,35,TRUE
#802,47,Male,Suburban,47280,Travel,23,19,110.5263158,2100,Home & Kitchen,528,25,TRUE
#803,59,Female,Urban,56215,Fashion,8,8,451.875,3615,Home & Kitchen,472,42,TRUE
#804,34,Female,Suburban,67859,Fashion,25,9,349.6666667,3147,Home & Kitchen,387,15,FALSE
#805,22,Female,Rural,24722,Travel,6,12,71.75,861,Health & Beauty,226,22,TRUE
#806,46,Male,Suburban,65088,Food,14,13,244.0769231,3173,Health & Beauty,481,6,TRUE
#807,21,Female,Suburban,104803,Sports,3,7,536.4285714,3755,Electronics,408,15,TRUE
#808,27,Male,Rural,1245,Food,10,13,143.6153846,1867,Apparel,457,24,TRUE
#809,34,Female,Urban,77507,Sports,3,4,932.75,3731,Apparel,21,21,TRUE
#810,27,Male,Suburban,94459,Travel,27,17,153,2601,Books,203,7,TRUE
#811,34,Female,Suburban,58932,Fashion,12,10,171.1,1711,Health & Beauty,417,29,TRUE
#812,37,Male,Rural,6200,Fashion,17,7,15.85714286,111,Home & Kitchen,416,32,FALSE
#813,41,Female,Urban,15428,Food,27,6,131.8333333,791,Home & Kitchen,448,32,FALSE
#814,22,Male,Suburban,103381,Fashion,29,5,539,2695,Books,512,5,FALSE
#815,51,Male,Rural,2252,Travel,5,13,9.230769231,120,Apparel,85,4,FALSE
#816,23,Male,Suburban,52348,Food,20,17,181.4705882,3085,Home & Kitchen,167,22,TRUE
#817,19,Male,Rural,16953,Sports,25,5,131.8,659,Apparel,384,18,FALSE
#818,30,Female,Urban,114247,Fashion,9,5,185,925,Books,468,35,TRUE
#819,60,Female,Urban,54946,Technology,21,1,5436,5436,Apparel,72,17,FALSE
#820,60,Male,Urban,9185,Fashion,26,1,2956,2956,Apparel,521,24,FALSE
#821,28,Female,Urban,58518,Sports,20,10,207.5,2075,Apparel,473,2,TRUE
#822,64,Male,Suburban,41550,Food,7,10,316.5,3165,Home & Kitchen,258,13,TRUE
#823,40,Male,Suburban,70424,Sports,22,8,424.5,3396,Electronics,275,15,FALSE
#824,33,Female,Urban,26347,Technology,4,1,3145,3145,Health & Beauty,20,5,FALSE
#825,48,Male,Urban,134229,Travel,13,3,564,1692,Apparel,490,3,FALSE
#826,28,Male,Urban,120932,Fashion,13,1,3873,3873,Apparel,490,37,FALSE
#827,33,Female,Suburban,115765,Food,10,16,207.625,3322,Apparel,326,37,TRUE
#828,25,Male,Urban,50931,Travel,18,19,184.9473684,3514,Electronics,529,37,FALSE
#829,21,Male,Urban,85593,Sports,17,6,707,4242,Books,89,3,FALSE
#830,57,Male,Urban,110764,Food,20,18,63.72222222,1147,Home & Kitchen,486,35,FALSE
#831,21,Male,Rural,2938,Travel,20,20,87.7,1754,Electronics,350,23,FALSE
#832,42,Female,Urban,5141,Food,13,15,123.7333333,1856,Apparel,84,28,FALSE
#833,20,Female,Rural,10078,Technology,17,3,176.6666667,530,Electronics,387,30,TRUE
#834,49,Female,Rural,36073,Technology,22,2,1118.5,2237,Electronics,87,18,TRUE
#835,20,Male,Urban,36900,Fashion,4,5,392.4,1962,Electronics,307,36,TRUE
#836,44,Male,Rural,185,Fashion,1,1,129,129,Books,154,33,TRUE
#837,46,Female,Urban,76168,Technology,1,3,1230.666667,3692,Health & Beauty,440,26,TRUE
#838,49,Male,Suburban,116995,Food,15,6,617.5,3705,Home & Kitchen,264,48,FALSE
#839,36,Male,Suburban,76307,Technology,13,2,2144,4288,Books,421,40,TRUE
#840,38,Male,Suburban,76097,Fashion,17,7,237.5714286,1663,Books,493,17,TRUE
#841,22,Male,Suburban,51181,Technology,24,2,1891,3782,Health & Beauty,411,40,FALSE
#842,35,Female,Rural,34016,Technology,26,2,61.5,123,Books,173,7,TRUE
#843,45,Female,Urban,135921,Food,8,6,594.6666667,3568,Electronics,4,8,TRUE
#844,59,Female,Urban,21265,Travel,18,2,367.5,735,Electronics,472,31,TRUE
#845,39,Male,Urban,106745,Fashion,27,5,696.2,3481,Apparel,110,12,TRUE
#846,38,Female,Suburban,106429,Food,13,2,1625.5,3251,Books,37,48,FALSE
#847,23,Female,Suburban,48461,Technology,23,3,1066,3198,Apparel,583,31,FALSE
#848,18,Male,Urban,9742,Technology,14,1,5525,5525,Home & Kitchen,31,44,TRUE
#849,22,Male,Suburban,44776,Travel,8,18,117.6111111,2117,Electronics,381,19,FALSE
#850,58,Female,Urban,84977,Fashion,8,3,1160.666667,3482,Home & Kitchen,268,10,TRUE
#851,29,Female,Urban,128177,Fashion,27,9,55.66666667,501,Health & Beauty,11,39,FALSE
#852,43,Female,Urban,91194,Sports,26,8,110.5,884,Electronics,344,12,FALSE
#853,63,Female,Urban,59281,Fashion,15,2,1159.5,2319,Home & Kitchen,544,20,FALSE
#854,51,Male,Urban,145860,Travel,27,5,224.4,1122,Health & Beauty,569,37,FALSE
#855,31,Female,Urban,49954,Sports,13,2,1653.5,3307,Home & Kitchen,166,48,FALSE
#856,43,Female,Urban,33522,Sports,7,10,111.6,1116,Health & Beauty,342,41,FALSE
#857,62,Male,Suburban,43854,Technology,5,2,1729,3458,Health & Beauty,482,7,FALSE
#858,44,Female,Urban,7984,Technology,17,1,2227,2227,Electronics,19,14,FALSE
#859,26,Male,Urban,9750,Fashion,28,1,4647,4647,Apparel,184,11,FALSE
#860,43,Male,Suburban,86798,Sports,25,7,571,3997,Health & Beauty,545,7,FALSE
#861,64,Male,Suburban,72786,Technology,29,2,2250.5,4501,Health & Beauty,10,29,FALSE
#862,39,Female,Suburban,77995,Travel,16,1,2106,2106,Electronics,592,10,TRUE
#863,64,Female,Urban,86674,Technology,23,3,1866,5598,Apparel,192,29,FALSE
#864,47,Male,Rural,12681,Technology,2,2,386,772,Books,320,9,TRUE
#865,60,Female,Rural,14323,Sports,22,1,2442,2442,Books,580,36,FALSE
#866,34,Female,Suburban,83473,Sports,18,11,351,3861,Apparel,475,48,TRUE
#867,43,Male,Rural,34131,Food,17,16,48.5,776,Home & Kitchen,427,10,TRUE
#868,53,Male,Suburban,56330,Travel,7,2,1005,2010,Electronics,59,19,TRUE
#869,18,Female,Urban,50836,Sports,13,13,379.3076923,4931,Apparel,436,31,FALSE
#870,25,Male,Rural,23869,Fashion,18,6,83.5,501,Books,97,17,FALSE
#871,52,Female,Urban,147110,Travel,29,6,147,882,Health & Beauty,496,9,FALSE
#872,32,Female,Rural,34272,Travel,14,17,66.17647059,1125,Books,278,45,FALSE
#873,64,Female,Urban,120203,Sports,18,6,127.5,765,Health & Beauty,265,33,TRUE
#874,39,Female,Rural,31473,Travel,13,13,45.92307692,597,Electronics,9,34,FALSE
#875,31,Male,Urban,59884,Sports,11,11,13.27272727,146,Health & Beauty,457,45,FALSE
#876,43,Male,Urban,99983,Technology,21,2,3479.5,6959,Apparel,273,24,FALSE
#877,45,Male,Rural,22423,Food,21,7,280.5714286,1964,Health & Beauty,8,9,FALSE
#878,40,Male,Urban,135510,Technology,16,2,1822,3644,Home & Kitchen,208,7,FALSE
#879,31,Female,Urban,9230,Sports,23,4,1088.5,4354,Apparel,123,16,FALSE
#880,41,Female,Urban,116523,Sports,17,12,54.41666667,653,Electronics,33,19,FALSE
#881,19,Male,Rural,34189,Technology,8,2,616,1232,Apparel,513,39,FALSE
#882,62,Female,Rural,980,Fashion,19,3,350.6666667,1052,Home & Kitchen,204,6,TRUE
#883,43,Female,Urban,71421,Fashion,20,7,156.5714286,1096,Electronics,518,11,TRUE
#884,31,Female,Urban,104972,Fashion,15,10,235.9,2359,Books,517,12,FALSE
#885,24,Male,Rural,16893,Sports,9,7,154.4285714,1081,Home & Kitchen,443,42,FALSE
#886,20,Male,Rural,8640,Travel,20,11,15.09090909,166,Electronics,592,13,FALSE
#887,64,Male,Urban,74786,Sports,10,7,622.4285714,4357,Health & Beauty,339,12,FALSE
#888,40,Female,Urban,149090,Travel,12,5,16,80,Apparel,438,21,TRUE
#889,63,Male,Urban,79256,Technology,21,1,2315,2315,Electronics,445,10,TRUE
#890,60,Male,Suburban,77405,Food,23,5,672.8,3364,Apparel,136,20,FALSE
#891,64,Male,Rural,9148,Travel,20,6,131.1666667,787,Health & Beauty,387,36,TRUE
#892,62,Male,Suburban,115000,Fashion,1,9,290.6666667,2616,Electronics,25,28,TRUE
#893,35,Male,Rural,29537,Sports,25,9,49.11111111,442,Books,506,24,FALSE
#894,55,Male,Rural,39182,Technology,20,2,1314.5,2629,Home & Kitchen,325,5,FALSE
#895,52,Female,Rural,15758,Fashion,9,1,870,870,Electronics,338,37,FALSE
#896,32,Female,Rural,21310,Technology,22,2,515,1030,Health & Beauty,95,12,TRUE
#897,42,Male,Rural,37859,Food,15,12,119.25,1431,Electronics,545,35,TRUE
#898,54,Male,Rural,4354,Sports,1,13,167.5384615,2178,Apparel,146,40,FALSE
#899,45,Female,Rural,5678,Sports,12,8,185.125,1481,Electronics,231,2,FALSE
#900,27,Female,Suburban,99536,Food,3,18,176.8333333,3183,Books,495,41,TRUE
#901,56,Male,Urban,69009,Sports,11,15,297,4455,Electronics,38,45,TRUE
#902,34,Male,Urban,61194,Travel,2,13,97.30769231,1265,Home & Kitchen,425,39,FALSE
#903,56,Male,Suburban,58644,Technology,16,3,1514.333333,4543,Electronics,437,42,TRUE
#904,39,Male,Suburban,108420,Fashion,9,8,294.125,2353,Apparel,368,9,FALSE
#905,43,Female,Suburban,52143,Food,15,16,175.9375,2815,Electronics,345,22,FALSE
#906,61,Male,Suburban,67620,Travel,12,18,160.0555556,2881,Books,160,47,TRUE
#907,42,Male,Rural,38775,Fashion,1,8,39.25,314,Health & Beauty,550,5,TRUE
#908,34,Male,Urban,53451,Fashion,13,7,231.8571429,1623,Electronics,541,12,TRUE
#909,30,Male,Rural,25596,Food,14,2,899,1798,Electronics,144,1,FALSE
#910,37,Female,Urban,109066,Travel,25,2,1597,3194,Home & Kitchen,588,44,FALSE
#911,42,Female,Urban,102454,Fashion,25,2,220,440,Books,576,22,FALSE
#912,21,Female,Suburban,41681,Fashion,8,1,1949,1949,Health & Beauty,345,38,FALSE
#913,27,Male,Rural,12756,Travel,8,20,52.9,1058,Apparel,269,19,FALSE
#914,20,Male,Suburban,82801,Sports,27,3,906.6666667,2720,Electronics,268,16,FALSE
#915,58,Female,Rural,11497,Fashion,12,9,151,1359,Health & Beauty,169,31,TRUE
#916,62,Male,Urban,115939,Technology,1,3,1866,5598,Apparel,33,3,FALSE
#917,35,Male,Suburban,118625,Travel,11,13,195.4615385,2541,Books,377,23,FALSE
#918,64,Female,Suburban,119825,Fashion,8,2,1460.5,2921,Books,214,42,FALSE
#919,53,Female,Urban,83958,Food,10,5,215,1075,Health & Beauty,562,18,FALSE
#920,64,Female,Urban,34543,Technology,19,3,1253,3759,Apparel,440,26,TRUE
#921,39,Female,Urban,141831,Fashion,11,8,636.25,5090,Books,492,13,FALSE
#922,51,Male,Suburban,72535,Technology,7,1,3616,3616,Health & Beauty,393,18,TRUE
#923,64,Male,Rural,27861,Technology,11,2,57,114,Books,489,3,TRUE
#924,25,Female,Suburban,44496,Sports,17,10,324.9,3249,Books,29,23,FALSE
#925,57,Male,Rural,21635,Technology,1,1,2402,2402,Books,39,3,FALSE
#926,61,Female,Suburban,95670,Sports,26,5,529.2,2646,Home & Kitchen,173,25,TRUE
#927,36,Female,Suburban,58979,Travel,29,1,2049,2049,Apparel,17,27,TRUE
#928,59,Male,Urban,20412,Sports,21,10,413.3,4133,Health & Beauty,56,44,FALSE
#929,58,Female,Rural,3862,Food,21,13,123.3846154,1604,Health & Beauty,226,27,TRUE
#930,54,Male,Suburban,111037,Fashion,8,6,374.1666667,2245,Apparel,558,39,FALSE
#931,23,Male,Suburban,44932,Travel,23,13,168.3846154,2189,Apparel,67,25,FALSE
#932,43,Male,Urban,115568,Travel,24,14,77.35714286,1083,Apparel,197,24,TRUE
#933,51,Male,Urban,8673,Food,6,10,376,3760,Apparel,23,8,FALSE
#934,62,Female,Rural,14725,Sports,22,14,71.35714286,999,Electronics,237,9,FALSE
#935,23,Male,Suburban,47292,Fashion,18,4,668.75,2675,Health & Beauty,566,46,FALSE
#936,54,Female,Rural,18900,Sports,6,12,86,1032,Electronics,138,37,TRUE
#937,50,Female,Suburban,55721,Technology,5,2,2038,4076,Books,473,30,TRUE
#938,39,Female,Rural,24649,Sports,13,13,177.0769231,2302,Books,553,19,TRUE
#939,38,Female,Urban,43187,Travel,19,9,88,792,Health & Beauty,229,16,FALSE
#940,23,Male,Suburban,87576,Fashion,22,6,276.8333333,1661,Books,317,24,TRUE
#941,23,Male,Rural,5162,Sports,8,6,398,2388,Apparel,598,44,TRUE
#942,21,Female,Urban,132303,Fashion,9,7,199.4285714,1396,Electronics,561,21,TRUE
#943,47,Female,Urban,36706,Fashion,17,2,623.5,1247,Apparel,201,36,FALSE
#944,28,Male,Rural,17268,Technology,3,2,1302,2604,Books,258,40,FALSE
#945,47,Female,Suburban,77464,Technology,19,2,1773.5,3547,Electronics,480,39,TRUE
#946,48,Male,Suburban,42299,Travel,11,17,170.3529412,2896,Apparel,178,47,TRUE
#947,41,Female,Urban,105711,Food,24,10,224.9,2249,Health & Beauty,123,6,TRUE
#948,26,Male,Suburban,103679,Fashion,17,5,370.6,1853,Apparel,342,5,FALSE
#949,20,Female,Suburban,59079,Food,21,13,296.6153846,3856,Books,171,14,TRUE
#950,48,Female,Suburban,95608,Travel,19,1,2646,2646,Electronics,59,45,FALSE
#951,57,Male,Urban,814,Fashion,2,2,665.5,1331,Health & Beauty,465,42,FALSE
#952,54,Female,Rural,36615,Fashion,8,8,24.625,197,Electronics,260,4,FALSE
#953,53,Female,Suburban,98938,Food,19,9,306.8888889,2762,Health & Beauty,373,8,TRUE
#954,41,Male,Urban,9156,Sports,7,10,31.6,316,Electronics,95,24,TRUE
#955,48,Female,Urban,110845,Technology,28,2,2141,4282,Books,125,11,FALSE
#956,23,Male,Rural,34927,Sports,27,4,671.25,2685,Health & Beauty,41,17,FALSE
#957,19,Male,Suburban,40558,Food,17,15,234.3333333,3515,Home & Kitchen,254,21,FALSE
#958,37,Female,Suburban,100125,Technology,6,1,3502,3502,Electronics,7,26,FALSE
#959,45,Female,Rural,3907,Sports,19,2,243,486,Electronics,471,43,TRUE
#960,28,Female,Rural,12480,Technology,24,2,1460,2920,Apparel,511,48,TRUE
#961,21,Female,Urban,27877,Fashion,6,4,862.75,3451,Health & Beauty,581,44,FALSE
#962,32,Female,Urban,109445,Sports,28,6,825.6666667,4954,Home & Kitchen,69,45,FALSE
#963,23,Female,Rural,4396,Technology,2,2,469.5,939,Books,81,27,FALSE
#964,47,Female,Suburban,73281,Technology,6,1,3727,3727,Apparel,542,16,TRUE
#965,55,Male,Urban,46447,Technology,23,3,1371,4113,Home & Kitchen,585,26,FALSE
#966,19,Female,Urban,67761,Sports,5,14,8.214285714,115,Health & Beauty,262,33,TRUE
#967,32,Male,Suburban,63710,Travel,19,15,149.8,2247,Home & Kitchen,89,31,FALSE
#968,28,Female,Urban,45873,Sports,20,12,63.58333333,763,Electronics,208,48,TRUE
#969,25,Female,Suburban,96475,Food,4,4,810.75,3243,Electronics,213,47,TRUE
#970,43,Male,Suburban,46084,Sports,22,13,296.3846154,3853,Apparel,266,6,FALSE
#971,62,Female,Suburban,55392,Technology,26,3,1539.333333,4618,Health & Beauty,293,44,TRUE
#972,61,Female,Rural,18553,Fashion,17,8,175.875,1407,Health & Beauty,207,8,TRUE
#973,22,Male,Rural,6628,Sports,11,10,281.2,2812,Home & Kitchen,333,7,TRUE
#974,23,Female,Rural,18496,Sports,4,6,417.6666667,2506,Apparel,77,34,TRUE
#975,43,Female,Suburban,75416,Technology,26,2,2197.5,4395,Health & Beauty,288,44,FALSE
#976,21,Female,Suburban,85363,Fashion,13,7,384.8571429,2694,Electronics,47,14,FALSE
#977,36,Male,Rural,5389,Fashion,20,5,268.8,1344,Home & Kitchen,200,16,FALSE
#978,37,Female,Urban,18830,Food,26,17,151.1176471,2569,Books,427,43,FALSE
#979,50,Female,Suburban,113117,Sports,17,14,232.1428571,3250,Electronics,210,9,FALSE
#980,37,Female,Urban,87535,Fashion,9,9,561.6666667,5055,Apparel,420,10,TRUE
#981,29,Female,Urban,40134,Fashion,4,5,360.4,1802,Health & Beauty,154,17,TRUE
#982,64,Male,Suburban,81834,Travel,23,2,1050.5,2101,Electronics,522,12,TRUE
#983,18,Male,Suburban,62273,Travel,28,14,178.5714286,2500,Books,415,6,TRUE
#984,43,Female,Urban,18059,Fashion,14,2,804,1608,Books,353,19,FALSE
#985,31,Female,Urban,32276,Food,19,16,309,4944,Apparel,157,43,FALSE
#986,55,Male,Rural,18501,Fashion,26,10,121.2,1212,Electronics,261,41,TRUE
#987,54,Male,Rural,1652,Technology,28,3,906.6666667,2720,Home & Kitchen,77,29,FALSE
#988,28,Female,Suburban,81412,Sports,3,3,1181.666667,3545,Electronics,488,6,TRUE
#989,53,Male,Rural,9230,Food,14,8,60.5,484,Books,131,25,TRUE
#990,30,Female,Rural,30910,Technology,8,2,21.5,43,Apparel,579,24,FALSE
#991,60,Male,Rural,31232,Food,24,13,104.0769231,1353,Apparel,455,25,FALSE
#992,20,Male,Rural,29006,Technology,27,2,620,1240,Home & Kitchen,163,16,FALSE
#993,50,Male,Urban,92525,Sports,28,1,4759,4759,Apparel,15,16,FALSE
#994,23,Male,Suburban,92266,Sports,1,11,326.3636364,3590,Apparel,232,6,FALSE
#995,27,Female,Rural,1857,Travel,10,12,46.91666667,563,Apparel,195,37,FALSE
#996,22,Male,Urban,32846,Technology,18,3,3393,10179,Apparel,542,21,FALSE
#997,40,Male,Urban,8966,Travel,16,1,1998,1998,Apparel,359,4,TRUE
#998,27,Female,Urban,38003,Technology,8,1,4260,4260,Books,331,34,FALSE
#999,61,Male,Rural,1441,Travel,1,8,23.125,185,Electronics,427,28,TRUE
#1000,19,Male,Rural,7458,Sports,12,15,151.4,2271,Health & Beauty,497,38,TRUE
